experience,salary,department
4.84078,9.07644,Engineering
8.1899,7.88897,Engineering
7.68024,15.195,Engineering
6.87853,15.2298,Engineering
4.88679,21.3726,Engineering
4.49333,17.8328,Engineering
4.29584,21.3793,Engineering
8.29429,13.4253,Engineering
6.1278,8.33958,Engineering
6.93627,9.79998,Engineering
3.01474,11.8884,Engineering
9.12322,15.2451,Engineering
8.37293,15.9673,Engineering
3.89116,9.34951,Engineering
4.77646,18.9764,Engineering
5.15856,22.3295,Engineering
4.42279,9.13693,Engineering
6.1822,12.9812,Engineering
6.38339,19.8385,Engineering
4.17023,7.5715,Engineering
6.88327,14.5549,Engineering
3.8154,12.6286,Engineering
5.68244,21.1316,Engineering
6.06404,20.5304,Engineering
6.30323,17.8052,Engineering
7.48053,10.5058,Engineering
5.01801,20.1799,Engineering
6.51769,16.5727,Engineering
6.21173,9.56802,Engineering
4.40968,23.0364,Engineering
6.10019,7.74142,Engineering
4.55688,17.6147,Engineering
3.53002,14.108,Engineering
8.19001,7.98943,Engineering
8.23884,7.51836,Engineering
7.77367,11.8814,Engineering
4.73705,11.945,Engineering
4.39692,20.1363,Engineering
6.58593,7.94322,Engineering
5.15154,8.3056,Engineering
4.27283,17.6946,Engineering
6.51547,17.5889,Engineering
3.23448,13.1154,Engineering
8.0958,9.29291,Engineering
5.47743,21.1007,Engineering
7.18434,14.5094,Engineering
4.69611,11.1907,Engineering
5.62963,8.26301,Engineering
6.77707,17.1413,Engineering
3.89556,10.8836,Engineering
8.79918,12.3465,Engineering
7.31726,9.58248,Engineering
8.76538,13.6782,Engineering
8.29013,11.8299,Engineering
7.24893,18.6046,Engineering
8.00767,7.81714,Engineering
4.43949,21.0186,Engineering
4.35808,14.4411,Engineering
3.73612,17.0408,Engineering
5.19592,14.9485,Engineering
6.11863,19.8083,Engineering
5.61617,21.6659,Engineering
7.99946,12.8075,Engineering
5.51013,16.0677,Engineering
4.85647,14.3074,Engineering
6.50184,14.8824,Engineering
3.82754,12.6601,Engineering
7.23331,7.35537,Engineering
3.73169,15.4066,Engineering
8.46715,8.41735,Engineering
7.12608,8.0189,Engineering
4.07734,11.7659,Engineering
3.10239,13.4962,Engineering
7.40599,8.18823,Engineering
7.70778,16.8097,Engineering
7.14867,10.5733,Engineering
7.16822,8.45114,Engineering
4.29072,20.4653,Engineering
4.94837,10.9188,Engineering
4.73017,22.1461,Engineering
8.14779,12.2739,Engineering
6.30729,8.74878,Engineering
5.03102,13.1616,Engineering
4.41316,22.1375,Engineering
5.66262,19.929,Engineering
5.15373,14.5767,Engineering
7.5082,13.7765,Engineering
6.28698,7.79066,Engineering
8.63934,15.3868,Engineering
5.61578,10.7403,Engineering
4.81416,22.6995,Engineering
7.32178,12.9883,Engineering
7.33919,10.56,Engineering
6.37309,12.7134,Engineering
7.20743,8.82057,Engineering
5.59562,9.38543,Engineering
5.82279,9.85652,Engineering
5.44788,11.6583,Engineering
4.17626,22.0792,Engineering
3.90874,15.187,Engineering
3.08442,11.9258,Engineering
7.34584,17.3827,Engineering
5.71701,20.235,Engineering
6.66637,18.2188,Engineering
8.75859,15.3534,Engineering
4.4329,12.2159,Engineering
5.31933,11.4344,Engineering
7.75966,14.6288,Engineering
5.11613,19.4793,Engineering
3.41931,12.463,Engineering
5.2491,17.3617,Engineering
3.88683,12.0901,Engineering
8.17794,8.92413,Engineering
7.56776,10.0433,Engineering
6.70232,11.7546,Engineering
7.89302,9.52653,Engineering
7.4067,8.83562,Engineering
5.10539,21.6788,Engineering
7.91315,8.56049,Engineering
5.8004,8.7519,Engineering
8.05522,14.4674,Engineering
8.53468,13.9622,Engineering
5.83,21.0535,Engineering
4.54355,20.7828,Engineering
5.04076,18.8479,Engineering
5.88557,15.6211,Engineering
7.4271,8.23935,Engineering
7.59058,7.38799,Engineering
3.4583,16.6217,Engineering
5.7021,9.42205,Engineering
5.85464,15.87,Engineering
4.68403,15.9541,Engineering
3.41301,10.0744,Engineering
4.91992,11.7964,Engineering
8.40011,10.2053,Engineering
4.53493,9.11518,Engineering
6.65924,17.599,Engineering
6.96905,10.3698,Engineering
5.37724,14.4978,Engineering
8.40356,8.66638,Engineering
8.84108,13.1117,Engineering
4.43955,12.1403,Engineering
6.27875,15.3459,Engineering
5.33427,17.5232,Engineering
4.51411,11.0138,Engineering
4.25499,22.1642,Engineering
7.04416,16.1273,Engineering
6.2812,15.0726,Engineering
4.38689,22.5579,Engineering
5.53326,20.523,Engineering
8.37881,11.8974,Engineering
5.35935,21.083,Engineering
4.61855,19.5633,Engineering
6.20717,15.1255,Engineering
8.62522,9.90724,Engineering
5.32408,20.63,Engineering
6.47894,7.63811,Engineering
7.76175,14.3177,Engineering
5.40196,21.5711,Engineering
6.90794,8.44966,Engineering
5.6394,16.6314,Engineering
6.33926,8.54669,Engineering
6.3626,8.69025,Engineering
6.54311,15.6302,Engineering
3.5395,12.821,Engineering
8.1431,13.7433,Engineering
5.70795,19.8041,Engineering
4.45193,15.8004,Engineering
3.08467,11.4199,Engineering
6.11021,8.73705,Engineering
7.1274,13.179,Engineering
4.43918,24.9257,Engineering
6.17563,13.6106,Engineering
4.42747,13.4065,Engineering
6.86763,12.6024,Engineering
4.56582,17.4862,Engineering
7.39982,14.9036,Engineering
5.05462,10.3379,Engineering
8.51075,11.5371,Engineering
4.27238,16.8487,Engineering
5.93024,20.7017,Engineering
3.86067,14.4509,Engineering
8.36181,10.8511,Engineering
8.33844,13.2156,Engineering
4.13086,9.02718,Engineering
7.34148,16.0617,Engineering
7.93582,12.8609,Engineering
5.80442,7.92574,Engineering
5.84805,9.70767,Engineering
5.04941,18.1689,Engineering
3.38691,11.2947,Engineering
8.18837,10.7842,Engineering
7.99973,8.91235,Engineering
6.86658,13.2493,Engineering
4.6439,9.23538,Engineering
5.88481,19.85,Engineering
7.84323,16.9902,Engineering
8.75183,15.8611,Engineering
8.0037,9.67298,Engineering
7.1921,8.19817,Engineering
7.02689,14.2066,Engineering
3.089,9.10088,Engineering
3.69725,10.3616,Engineering
7.82823,7.47021,Engineering
6.50056,11.4055,Engineering
4.12073,22.4615,Engineering
4.50584,20.9101,Engineering
6.85992,11.5363,Engineering
3.42411,16.4168,Engineering
5.17884,23.7406,Engineering
6.14689,11.3596,Engineering
6.71487,8.68706,Engineering
6.37333,7.78456,Engineering
5.0262,18.9162,Engineering
7.55449,15.1407,Engineering
4.29516,11.631,Engineering
4.54722,9.10633,Engineering
7.54004,13.1449,Engineering
6.97809,13.354,Engineering
7.54436,7.5977,Engineering
7.39489,16.6713,Engineering
5.84155,7.54719,Engineering
3.85592,15.4847,Engineering
5.90104,18.9898,Engineering
4.68628,13.6311,Engineering
4.96853,17.3249,Engineering
8.37796,8.3692,Engineering
5.08343,10.2512,Engineering
8.50906,13.9515,Engineering
6.50749,10.1243,Engineering
7.89038,13.6706,Engineering
5.69629,9.81075,Engineering
5.96531,8.19362,Engineering
5.55119,9.05504,Engineering
4.72339,17.7692,Engineering
6.82453,8.01242,Engineering
5.52222,20.308,Engineering
3.7874,18.6394,Engineering
7.23645,15.9055,Engineering
3.97821,12.0485,Engineering
8.69666,13.0075,Engineering
8.70743,12.372,Engineering
8.46267,12.2932,Engineering
5.8215,18.1411,Engineering
4.00998,21.1244,Engineering
8.21028,9.29021,Engineering
5.21687,9.54428,Engineering
8.2436,7.50554,Engineering
9.09404,15.3245,Engineering
7.90233,10.6136,Engineering
5.3844,18.324,Engineering
5.27326,12.3947,Engineering
7.57876,7.80328,Engineering
4.39936,8.2366,Engineering
4.70634,19.0159,Engineering
6.23574,11.7206,Engineering
8.12989,8.14056,Engineering
7.04504,11.4337,Engineering
5.86271,7.64229,Engineering
4.18637,18.2684,Engineering
6.38787,9.92483,Engineering
8.93754,12.4786,Engineering
3.9466,13.7773,Engineering
5.94557,11.2009,Engineering
7.67846,7.27398,Engineering
6.91864,7.86345,Engineering
6.79058,9.08998,Engineering
6.8708,9.51463,Engineering
5.46442,15.5075,Engineering
4.70144,12.2239,Engineering
7.79062,11.9816,Engineering
7.99949,13.8205,Engineering
8.23862,12.8755,Engineering
8.05386,8.70232,Engineering
5.92951,11.4364,Engineering
5.56838,8.72048,Engineering
7.20803,7.33997,Engineering
7.47545,17.8123,Engineering
6.7033,8.03523,Engineering
7.47614,9.88906,Engineering
8.18632,11.1579,Engineering
5.55514,17.4927,Engineering
5.4342,14.3604,Engineering
3.33397,10.7704,Engineering
6.01944,8.60593,Engineering
3.78764,18.0094,Engineering
5.22327,7.56751,Engineering
5.97552,10.1484,Engineering
4.25884,8.62388,Engineering
6.09982,8.6468,Engineering
3.5142,15.8444,Engineering
3.21543,12.7831,Engineering
7.70247,10.4684,Engineering
5.51236,15.9009,Engineering
4.77187,21.9129,Engineering
5.58454,7.73892,Engineering
7.21107,8.90619,Engineering
4.0767,10.83,Engineering
6.75161,12.7699,Engineering
4.47831,21.5391,Engineering
3.00496,10.1095,Engineering
6.91159,19.1869,Engineering
5.84105,9.04742,Engineering
6.67735,11.3109,Engineering
7.56753,14.5016,Engineering
8.86373,12.5866,Engineering
6.44196,15.7788,Engineering
5.62804,18.9666,Engineering
7.19728,7.41224,Engineering
5.44863,20.1861,Engineering
5.16451,8.48649,Engineering
4.37485,20.9826,Engineering
3.90041,19.6002,Engineering
8.57761,10.7295,Engineering
7.68214,9.5578,Engineering
7.29591,13.6946,Engineering
5.49915,13.1306,Engineering
4.72611,18.9871,Engineering
3.59951,9.76428,Engineering
4.11397,9.29377,Engineering
5.84233,8.59178,Engineering
6.77775,8.01859,Engineering
7.48217,17.3163,Engineering
4.65807,12.5762,Engineering
8.88755,13.9421,Engineering
6.90667,7.91188,Engineering
5.9167,8.98227,Engineering
6.9111,14.8126,Engineering
5.9551,16.6551,Engineering
4.94154,16.8785,Engineering
5.26998,13.9488,Engineering
7.53906,12.5186,Engineering
3.23521,14.2092,Engineering
4.91337,23.7839,Engineering
4.43049,23.248,Engineering
4.04145,20.0334,Engineering
7.54949,7.30477,Engineering
7.27423,13.0817,Engineering
5.29952,7.78751,Engineering
3.34856,10.6923,Engineering
5.56451,9.22401,Engineering
5.81615,12.4753,Engineering
4.96293,21.1235,Engineering
5.99378,16.2283,Engineering
5.85589,16.9093,Engineering
6.62537,12.0165,Engineering
6.49608,9.80647,Engineering
3.57287,15.5674,Engineering
6.20241,21.3271,Engineering
6.30688,8.60582,Engineering
6.69565,18.7778,Engineering
7.90537,10.4517,Engineering
6.68332,10.2085,Engineering
4.75196,19.7831,Engineering
3.74194,15.7153,Engineering
7.15425,15.3317,Engineering
4.1859,22.1066,Engineering
6.32753,10.9712,Engineering
8.1735,8.31151,Engineering
6.74209,15.2624,Engineering
6.14968,20.1154,Engineering
6.32711,7.84017,Engineering
5.81333,13.2774,Engineering
6.37795,13.6087,Engineering
8.43553,10.6026,Engineering
4.84252,8.46332,Engineering
8.56773,10.7198,Engineering
8.55492,13.6409,Engineering
3.85108,9.88855,Engineering
3.59424,14.4517,Engineering
4.66611,22.3902,Engineering
3.20922,13.7672,Engineering
4.7744,23.7092,Engineering
6.80114,9.94673,Engineering
3.28986,11.6129,Engineering
5.65753,19.4485,Engineering
7.72182,9.43129,Engineering
3.90651,19.7682,Engineering
7.34422,7.68626,Engineering
5.13814,16.7924,Engineering
3.59981,11.8481,Engineering
6.79762,9.16851,Engineering
7.60965,20.1631,Engineering
7.77122,8.10346,Engineering
7.41895,12.6761,Engineering
7.27652,7.67444,Engineering
5.46871,19.7577,Engineering
3.89613,11.2919,Engineering
7.96978,16.7884,Engineering
7.39984,8.60191,Engineering
8.37765,7.4151,Engineering
4.91244,7.65085,Engineering
4.95538,10.245,Engineering
7.35271,9.83196,Engineering
5.02963,12.6105,Engineering
8.60284,12.6906,Engineering
7.7687,9.11709,Engineering
5.28428,10.107,Engineering
7.23391,10.1516,Engineering
7.68975,14.0545,Engineering
3.48772,11.6571,Engineering
7.99092,8.71697,Engineering
5.50951,7.98754,Engineering
8.09603,13.8006,Engineering
5.16738,14.9787,Engineering
8.2164,11.1285,Engineering
6.09422,19.5601,Engineering
4.10866,22.2637,Engineering
8.11128,9.64637,Engineering
4.60098,22.3202,Engineering
4.74253,11.1951,Engineering
8.22932,8.27926,Engineering
8.14381,7.48003,Engineering
5.8898,7.7025,Engineering
6.68223,11.6589,Engineering
6.40095,19.0994,Engineering
4.29393,8.57701,Engineering
4.72378,10.5179,Engineering
6.84118,10.8774,Engineering
7.5996,13.361,Engineering
7.22377,7.84684,Engineering
7.45471,10.0319,Engineering
3.33012,10.8867,Engineering
5.41896,7.76155,Engineering
4.69796,25.0268,Engineering
7.04638,19.4118,Engineering
5.24765,9.09567,Engineering
8.62098,15.1949,Engineering
5.39722,15.369,Engineering
4.55962,20.546,Engineering
4.14152,15.3735,Engineering
7.397,11.0408,Engineering
6.6674,12.266,Engineering
4.36958,19.7027,Engineering
3.51701,12.9548,Engineering
6.7589,8.58991,Engineering
3.57747,14.1157,Engineering
7.93178,12.5724,Engineering
6.65075,7.32985,Engineering
4.30715,20.216,Engineering
4.81234,24.573,Engineering
8.51261,8.83998,Engineering
5.69362,16.7666,Engineering
5.40452,14.362,Engineering
8.08696,14.4617,Engineering
8.1497,7.71569,Engineering
8.65439,10.1507,Engineering
7.6804,14.0337,Engineering
6.00867,19.4939,Engineering
4.24249,19.517,Engineering
7.28011,9.13864,Engineering
6.4432,13.5005,Engineering
6.00708,16.8716,Engineering
8.12072,9.67847,Engineering
3.41279,10.5437,Engineering
6.54126,17.9599,Engineering
3.98056,21.0827,Engineering
6.21825,16.3558,Engineering
3.26224,12.1736,Engineering
4.31629,18.2609,Engineering
3.91182,14.6909,Engineering
6.87276,12.429,Engineering
6.91754,7.56664,Engineering
6.63631,13.8811,Engineering
8.98826,14.4512,Engineering
4.75481,8.28467,Engineering
5.74715,22.0638,Engineering
7.71558,8.08516,Engineering
5.22715,20.7614,Engineering
8.72203,11.998,Engineering
3.87084,20.0517,Engineering
8.52995,9.9074,Engineering
4.05123,19.9892,Engineering
7.79392,7.56436,Engineering
6.06814,11.7945,Engineering
8.79099,11.0014,Engineering
4.41749,21.6197,Engineering
6.6193,15.3329,Engineering
8.82778,12.6192,Engineering
5.93112,10.8117,Engineering
7.16771,16.1608,Engineering
6.61773,7.60325,Engineering
5.96364,14.8321,Engineering
6.16895,7.27208,Engineering
6.19965,9.89978,Engineering
7.95626,8.48087,Engineering
3.63825,16.1481,Engineering
5.06099,16.1465,Engineering
8.18121,7.82724,Engineering
7.79715,7.64124,Engineering
5.35023,9.25077,Engineering
6.42326,9.96463,Engineering
4.4359,10.7155,Engineering
3.96399,11.3218,Engineering
5.99072,14.5779,Engineering
5.54898,16.6023,Engineering
6.56677,13.2396,Engineering
3.91472,16.8806,Engineering
8.29178,7.51829,Engineering
8.84106,11.8194,Engineering
6.94135,10.3846,Engineering
6.12687,11.8666,Engineering
4.33024,8.01662,Engineering
7.39987,8.22368,Engineering
6.68574,8.81436,Engineering
4.30343,15.7636,Engineering
8.16228,9.8039,Engineering
7.65463,10.0412,Engineering
8.45222,10.2996,Engineering
7.49647,13.8822,Engineering
7.07392,16.1859,Engineering
5.9308,16.5102,Engineering
8.83187,14.6447,Engineering
7.74441,8.48249,Engineering
3.09523,11.2733,Engineering
2.95146,11.0044,Engineering
5.77375,17.3685,Engineering
8.21611,15.7462,Engineering
8.42522,8.0188,Engineering
5.07245,23.3481,Engineering
6.07465,8.24097,Engineering
6.10323,20.0931,Engineering
8.25589,7.43888,Engineering
7.6365,8.81333,Engineering
7.70224,9.61101,Engineering
5.61543,10.9287,Engineering
5.26061,10.6647,Engineering
4.57378,12.1725,Engineering
4.30442,21.5494,Engineering
7.90938,10.0402,Engineering
7.46386,8.84828,Engineering
8.53816,8.35877,Engineering
8.70278,10.0079,Engineering
5.81959,8.04975,Engineering
7.14332,8.35122,Engineering
8.08194,7.24086,Engineering
7.60993,8.16478,Engineering
5.19775,19.2052,Engineering
5.32623,9.31277,Engineering
4.27244,17.304,Engineering
8.60179,11.4146,Engineering
6.1666,8.41365,Engineering
4.89451,17.4932,Engineering
6.47681,7.64255,Engineering
7.34981,18.4126,Engineering
5.18918,13.1025,Engineering
4.43221,19.5902,Engineering
7.00605,12.4126,Engineering
5.72083,9.07074,Engineering
7.44957,10.9264,Engineering
6.70094,17.8995,Engineering
7.99435,11.4867,Engineering
6.62539,15.4936,Engineering
7.05015,18.8253,Engineering
7.85917,8.93953,Engineering
5.17389,10.5006,Engineering
4.36193,17.8453,Engineering
3.64218,17.0895,Engineering
7.71167,14.2195,Engineering
7.18276,16.7905,Engineering
6.79161,8.71518,Engineering
4.11829,11.3597,Engineering
4.73468,21.0719,Engineering
3.25679,14.3953,Engineering
5.74518,18.5184,Engineering
6.23702,9.93142,Engineering
5.48228,13.8873,Engineering
5.08189,7.82432,Engineering
8.40982,12.3998,Engineering
5.27886,14.4483,Engineering
6.20869,13.805,Engineering
7.27486,8.73765,Engineering
5.8657,17.1043,Engineering
7.20658,16.9083,Engineering
7.59631,7.35076,Engineering
8.28825,8.83903,Engineering
3.64898,10.7187,Engineering
8.37689,10.8838,Engineering
6.17856,14.7232,Engineering
4.90595,15.9865,Engineering
5.47849,10.2159,Engineering
8.4066,8.24514,Engineering
6.08282,13.8343,Engineering
5.11545,14.0382,Engineering
7.40469,18.0761,Engineering
4.35527,12.0145,Engineering
4.11364,18.7727,Engineering
3.91301,14.0843,Engineering
4.108,15.8845,Engineering
4.64701,19.4384,Engineering
4.55777,19.3462,Engineering
7.46054,18.1723,Engineering
3.88194,10.9227,Engineering
4.81528,10.4169,Engineering
8.12326,10.2215,Engineering
5.92029,13.386,Engineering
6.48026,7.89888,Engineering
3.61987,9.08393,Engineering
3.87331,10.2791,Engineering
4.53167,24.4378,Engineering
3.93845,12.1352,Engineering
4.69126,12.9479,Engineering
3.90189,11.3671,Engineering
3.72828,14.6063,Engineering
3.47972,10.6329,Engineering
5.81811,13.1832,Engineering
4.06046,11.1997,Engineering
5.85712,18.7819,Engineering
5.51858,8.16892,Engineering
7.02534,11.5629,Engineering
4.38659,23.2167,Engineering
7.81246,12.7192,Engineering
6.84351,13.3245,Engineering
3.60857,13.9065,Engineering
7.80364,8.60692,Engineering
8.19273,9.53709,Engineering
4.59056,23.8689,Engineering
5.21417,17.7473,Engineering
7.69064,11.2536,Engineering
7.56115,13.2387,Engineering
4.39036,15.3549,Engineering
3.95097,10.0503,Engineering
5.39098,14.2494,Engineering
6.83244,21.021,Engineering
6.1969,8.02945,Engineering
5.67694,16.9077,Engineering
5.58362,10.9772,Engineering
7.27334,10.6913,Engineering
3.12984,12.0489,Engineering
4.69544,14.4077,Engineering
7.41879,13.8557,Engineering
7.84778,7.82811,Engineering
6.09561,12.913,Engineering
6.76557,17.8315,Engineering
4.59583,21.41,Engineering
5.33143,9.52985,Engineering
5.97756,10.712,Engineering
4.29452,11.3414,Engineering
5.46647,20.4332,Engineering
6.10098,20.269,Engineering
3.93521,20.2006,Engineering
5.52187,18.0588,Engineering
4.65622,16.2835,Engineering
5.29073,15.6839,Engineering
3.58512,11.629,Engineering
8.30114,12.1628,Engineering
6.03229,7.88904,Engineering
7.42351,15.7604,Engineering
8.02569,15.195,Engineering
6.29893,15.4626,Engineering
3.37495,11.5233,Engineering
5.76876,8.58867,Engineering
5.98488,7.8294,Engineering
7.04646,8.75989,Engineering
5.20922,9.28646,Engineering
4.88795,22.9294,Engineering
5.00781,15.5149,Engineering
5.05324,11.6116,Engineering
6.44428,8.75175,Engineering
6.3388,11.8881,Engineering
5.5501,16.4631,Engineering
8.36257,7.49638,Engineering
7.11024,16.9281,Engineering
4.75351,15.7574,Engineering
4.76575,23.2324,Engineering
4.84071,21.1297,Engineering
4.54678,13.4221,Engineering
4.97951,21.9536,Engineering
3.87323,10.5895,Engineering
5.37626,18.7593,Engineering
4.31555,15.2878,Engineering
8.49557,13.5735,Engineering
4.45329,21.5919,Engineering
6.72301,17.8618,Engineering
6.15269,18.9339,Engineering
8.39229,7.98876,Engineering
3.30591,9.53612,Engineering
5.46977,13.4695,Engineering
8.25473,7.4526,Engineering
8.16584,12.3056,Engineering
7.38027,7.86918,Engineering
5.63495,22.5661,Engineering
4.49842,17.0687,Engineering
7.39143,16.0404,Engineering
8.1492,8.68301,Engineering
6.73685,16.2326,Engineering
6.95504,17.389,Engineering
4.98912,15.5532,Engineering
7.49625,11.5,Engineering
4.94249,20.1869,Engineering
4.86284,12.0405,Engineering
5.49643,12.2097,Engineering
6.05932,12.8075,Engineering
4.23674,10.8247,Engineering
3.84625,14.247,Engineering
6.08093,7.40091,Engineering
4.25188,8.44763,Engineering
5.95345,7.85123,Engineering
5.00944,22.5665,Engineering
6.14597,15.0267,Engineering
6.72499,17.4404,Engineering
3.72518,16.5837,Engineering
4.80843,10.848,Engineering
4.27585,17.0488,Engineering
3.88191,17.3662,Engineering
8.37843,7.45177,Engineering
5.09729,14.2226,Engineering
7.29302,7.47525,Engineering
5.03943,17.3838,Engineering
7.16306,13.2858,Engineering
7.04795,7.96917,Engineering
6.17326,9.04648,Engineering
6.3631,17.5009,Engineering
5.64168,14.2562,Engineering
4.53615,7.73062,Engineering
8.88072,15.2583,Engineering
7.42136,7.50229,Engineering
8.56391,10.4768,Engineering
4.94124,23.5875,Engineering
6.96907,8.85567,Engineering
8.20763,8.72143,Engineering
3.894,11.0665,Engineering
3.49536,13.7175,Engineering
6.86285,7.34221,Engineering
6.73174,15.2236,Engineering
7.6038,8.53473,Engineering
4.33715,17.3093,Engineering
8.24323,16.8214,Engineering
4.85631,18.6183,Engineering
4.4779,17.2773,Engineering
4.20459,14.7843,Engineering
7.63378,10.2865,Engineering
6.81196,11.0125,Engineering
6.06028,11.9758,Engineering
4.8487,10.0019,Engineering
8.40611,13.8322,Engineering
5.3531,12.7137,Engineering
7.43414,8.37962,Engineering
5.69131,13.2188,Engineering
5.38168,13.8138,Engineering
6.3304,17.6904,Engineering
5.31381,17.3119,Engineering
7.54051,13.0883,Engineering
5.57219,8.68932,Engineering
4.62311,14.8564,Engineering
8.0726,9.61405,Engineering
4.7903,8.11364,Engineering
5.71423,7.7474,Engineering
8.48968,12.9927,Engineering
6.24938,8.17651,Engineering
4.15945,16.9537,Engineering
8.23735,8.90782,Engineering
6.18458,7.40459,Engineering
5.13046,13.8386,Engineering
5.02843,23.558,Engineering
7.87986,13.6186,Engineering
7.34067,18.2246,Engineering
6.24617,13.0836,Engineering
7.81789,7.63057,Engineering
7.67087,12.0329,Engineering
4.26899,16.0486,Engineering
5.66096,19.8737,Engineering
4.2501,10.6143,Engineering
7.22626,10.4592,Engineering
3.29744,13.7286,Engineering
6.0285,9.14376,Engineering
7.59219,12.746,Engineering
7.70324,7.53007,Engineering
5.10043,13.1782,Engineering
7.49824,8.70327,Engineering
4.09928,16.7529,Engineering
8.29643,14.517,Engineering
4.78407,21.9995,Engineering
6.26165,20.6274,Engineering
7.783,12.5691,Engineering
3.99025,13.6355,Engineering
5.04436,18.8087,Engineering
7.0873,10.3882,Engineering
6.80556,7.97308,Engineering
7.20474,15.8553,Engineering
6.65915,8.07389,Engineering
6.78772,17.4539,Engineering
4.83377,15.6874,Engineering
5.52359,16.7901,Engineering
4.74939,18.7451,Engineering
8.60135,13.8902,Engineering
6.62475,13.7758,Engineering
5.63402,14.7849,Engineering
5.24714,7.97769,Engineering
8.26272,8.73091,Engineering
3.84704,12.1599,Engineering
6.73642,14.6265,Engineering
5.84421,10.9652,Engineering
6.9359,15.0502,Engineering
2.92791,11.2415,Engineering
7.8178,8.81349,Engineering
8.51291,11.8073,Engineering
5.9072,8.31068,Engineering
6.59848,7.3809,Engineering
8.02249,7.91651,Engineering
7.7759,17.402,Engineering
4.53829,18.4253,Engineering
6.28548,11.1086,Engineering
6.25366,9.16785,Engineering
5.38026,11.2353,Engineering
7.59148,14.1542,Engineering
8.19447,8.81904,Engineering
8.04254,7.93011,Engineering
5.18107,7.99023,Engineering
3.38936,10.2219,Engineering
8.46432,8.50313,Engineering
8.17246,13.812,Engineering
3.76737,13.0028,Engineering
8.11849,8.87067,Engineering
7.74323,8.26342,Engineering
6.63539,17.3817,Engineering
6.03898,8.07524,Engineering
6.04755,18.6072,Engineering
4.01337,19.0177,Engineering
4.97717,12.4432,Engineering
7.34789,8.35089,Engineering
3.07984,13.3417,Engineering
5.48507,17.1066,Engineering
6.07287,18.8804,Engineering
6.37468,14.0263,Engineering
7.97214,7.60715,Engineering
4.53502,7.85759,Engineering
5.99516,20.9658,Engineering
7.52201,13.4715,Engineering
5.37308,9.64337,Engineering
5.42428,22.4807,Engineering
5.9286,14.631,Engineering
4.38859,17.7132,Engineering
4.73115,18.8643,Engineering
6.44916,16.8187,Engineering
5.75956,14.9319,Engineering
8.03459,8.4416,Engineering
5.2026,12.9932,Engineering
6.86287,16.0714,Engineering
6.34989,8.64467,Engineering
3.29743,14.8399,Engineering
6.64286,9.58087,Engineering
4.34369,15.2875,Engineering
8.28466,8.17877,Engineering
4.87216,21.6409,Engineering
5.10694,9.29224,Engineering
3.44406,12.2306,Engineering
8.51191,8.27711,Engineering
6.53141,17.3509,Engineering
6.7139,13.926,Engineering
3.52619,13.9634,Engineering
7.67781,14.1962,Engineering
5.30769,22.2306,Engineering
8.60683,14.5048,Engineering
5.07349,20.3819,Engineering
4.21594,13.4498,Engineering
4.21688,21.8396,Engineering
5.70231,11.5271,Engineering
6.92348,17.473,Engineering
4.39186,21.8288,Engineering
7.65811,12.6287,Engineering
5.92728,14.5729,Engineering
5.74931,9.10509,Engineering
5.81841,14.2742,Engineering
6.31087,20.8814,Engineering
6.99339,18.385,Engineering
3.68563,10.6044,Engineering
3.82647,10.4209,Engineering
7.62578,7.64743,Engineering
8.64324,12.2191,Engineering
5.84862,18.2139,Engineering
4.4608,11.3005,Engineering
6.57017,9.98902,Engineering
6.13006,18.8206,Engineering
4.10517,21.4411,Engineering
4.39338,16.9246,Engineering
7.31332,12.7639,Engineering
6.76639,10.9435,Engineering
3.45988,15.5405,Engineering
4.65268,15.6794,Engineering
4.98246,18.1525,Engineering
7.39303,15.8781,Engineering
3.89806,19.8857,Engineering
4.43726,20.1494,Engineering
7.37557,8.75965,Engineering
4.47035,16.3997,Engineering
6.46558,8.57215,Engineering
4.1955,10.6833,Engineering
4.57443,21.6377,Engineering
5.63632,23.3794,Engineering
6.88456,8.56275,Engineering
7.66773,8.3561,Engineering
8.02213,12.931,Engineering
5.09367,10.1212,Engineering
6.94396,12.0436,Engineering
4.90046,18.8332,Engineering
5.0997,15.8324,Engineering
7.97736,8.93299,Engineering
3.32984,15.1366,Engineering
4.33436,20.2347,Engineering
4.66307,16.5388,Engineering
2.89061,10.4478,Engineering
4.91919,20.2822,Engineering
6.06073,8.71868,Engineering
5.94004,16.4204,Engineering
7.92357,8.6481,Engineering
8.29712,16.1006,Engineering
5.09047,13.1029,Engineering
4.58768,13.058,Engineering
4.9736,9.99163,Engineering
6.20932,9.66158,Engineering
5.32302,19.2062,Engineering
7.44914,18.9792,Engineering
5.46208,12.7719,Engineering
6.11282,10.8728,Engineering
6.03802,16.5028,Engineering
5.65815,20.7867,Engineering
8.31734,9.15896,Engineering
7.24216,9.53342,Engineering
4.36337,17.5267,Engineering
8.02361,10.8645,Engineering
5.51535,9.00912,Engineering
8.14571,10.5451,Engineering
7.32969,8.35008,Engineering
6.06613,17.3491,Engineering
3.21935,13.6274,Engineering
4.88324,15.2149,Engineering
6.25622,12.7296,Engineering
6.81611,12.7746,Engineering
4.35142,11.0151,Engineering
4.57359,19.4598,Engineering
7.66085,9.42328,Engineering
8.41,8.03809,Engineering
6.37893,14.701,Engineering
4.63793,18.2813,Engineering
5.35544,19.2673,Engineering
3.32192,14.7723,Engineering
8.32781,11.1103,Engineering
4.14504,16.7776,Engineering
5.89781,7.60725,Engineering
4.19953,8.76905,Engineering
6.17234,11.2926,Engineering
7.05237,13.9253,Engineering
8.01283,12.8733,Engineering
4.98633,19.5278,Engineering
3.62653,17.9159,Engineering
4.23165,16.5167,Engineering
7.90468,8.07861,Engineering
7.76365,8.23006,Engineering
6.48524,11.7578,Engineering
6.07566,7.90287,Engineering
6.55971,8.75099,Engineering
4.46876,16.558,Engineering
8.30371,10.8873,Engineering
6.65894,23.0348,Engineering
6.21694,20.9943,Engineering
6.18346,13.31,Engineering
3.55359,15.3035,Engineering
4.63808,18.5761,Engineering
7.65612,14.6495,Engineering
3.46104,12.5221,Engineering
6.35473,10.2712,Engineering
5.26823,19.9483,Engineering
5.33135,12.6892,Engineering
5.09878,16.0663,Engineering
5.21863,13.503,Engineering
6.86914,8.5991,Engineering
4.73168,12.3041,Engineering
6.10551,10.0263,Engineering
5.48357,9.34186,Engineering
6.52899,8.54883,Engineering
8.60824,12.409,Engineering
6.89808,8.12407,Engineering
4.69822,16.4716,Engineering
3.46712,15.3835,Engineering
5.57524,21.7916,Engineering
6.3206,10.4031,Engineering
3.6071,15.5426,Engineering
6.60124,18.2963,Engineering
6.90487,15.5655,Engineering
4.78914,10.8028,Engineering
7.69529,13.2143,Engineering
3.99021,15.9906,Engineering
3.88624,16.7656,Engineering
6.96859,8.99705,Engineering
5.45327,8.01207,Engineering
7.1483,12.7778,Engineering
5.69497,13.486,Engineering
4.61053,13.9716,Engineering
7.78654,11.4151,Engineering
7.84872,13.0452,Engineering
6.62746,7.74803,Engineering
5.30972,18.8646,Engineering
5.9487,7.31952,Engineering
5.57405,16.4135,Engineering
4.20042,18.699,Engineering
8.83396,15.5017,Engineering
3.80427,12.6739,Engineering
8.25116,8.46629,Engineering
5.23457,8.73453,Engineering
6.45758,14.5815,Marketing
6.61563,7.54732,Marketing
6.63997,7.4555,Marketing
5.13855,22.7861,Marketing
5.46496,7.86598,Marketing
4.98652,8.35342,Marketing
7.69263,7.77376,Marketing
6.83229,13.0322,Marketing
5.80186,9.13687,Marketing
3.40285,10.2261,Marketing
6.07434,7.61249,Marketing
4.11067,16.4981,Marketing
4.55427,8.52786,Marketing
4.54272,18.9924,Marketing
7.41957,15.0196,Marketing
4.33105,13.6395,Marketing
5.19448,11.3179,Marketing
7.95427,8.76108,Marketing
3.9448,10.2685,Marketing
6.36229,15.5237,Marketing
5.24398,10.2729,Marketing
3.47089,16.1275,Marketing
7.35823,8.99285,Marketing
3.82174,16.5163,Marketing
5.87963,13.0041,Marketing
5.88721,8.37297,Marketing
6.80523,12.9514,Marketing
7.38898,14.9315,Marketing
4.88314,16.0515,Marketing
4.25212,23.6014,Marketing
6.9074,8.70435,Marketing
5.85538,9.44711,Marketing
7.53032,8.184,Marketing
7.35279,7.38711,Marketing
7.51175,7.62491,Marketing
5.39343,8.03883,Marketing
4.47403,8.00019,Marketing
7.22348,7.84537,Marketing
5.19026,8.0482,Marketing
4.75774,18.72,Marketing
7.7247,8.9081,Marketing
7.70643,7.24367,Marketing
5.75478,12.3124,Marketing
3.98257,17.602,Marketing
5.76845,16.703,Marketing
7.2229,7.18875,Marketing
8.00792,8.91232,Marketing
4.95609,19.416,Marketing
4.14671,19.5537,Marketing
7.86039,8.91258,Marketing
5.35944,12.936,Marketing
6.59364,15.7595,Marketing
8.40766,8.90539,Marketing
3.57039,14.389,Marketing
6.39046,8.13685,Marketing
3.118,9.90755,Marketing
4.90007,9.55955,Marketing
7.2611,7.51746,Marketing
5.19396,9.05056,Marketing
8.54011,8.51419,Marketing
6.1477,10.8055,Marketing
5.18228,15.0524,Marketing
5.05752,19.4242,Marketing
4.58829,8.11003,Marketing
5.0931,11.4564,Marketing
3.95738,17.7551,Marketing
5.71712,17.2335,Marketing
6.00165,14.6468,Marketing
6.75142,7.33894,Marketing
6.88114,12.0956,Marketing
6.70522,7.68285,Marketing
4.03773,21.7598,Marketing
5.21028,20.9319,Marketing
6.55971,8.93332,Marketing
6.14084,14.8256,Marketing
2.69841,9.87173,Marketing
7.23958,7.28685,Marketing
7.1079,7.82459,Marketing
6.32452,12.9754,Marketing
4.45481,22.3544,Marketing
7.29014,9.807,Marketing
5.96824,7.84975,Marketing
7.29414,9.00316,Marketing
7.69314,14.237,Marketing
7.33175,8.19752,Marketing
6.72267,18.2123,Marketing
3.42332,9.05472,Marketing
7.09378,13.2248,Marketing
6.19952,7.93238,Marketing
6.87788,7.41593,Marketing
4.25191,14.9049,Marketing
4.64418,17.0708,Marketing
7.80687,7.72083,Marketing
6.9266,7.4344,Marketing
8.02268,8.69421,Marketing
7.61827,13.1843,Marketing
6.10524,8.3518,Marketing
6.5062,8.8623,Marketing
7.87555,8.40866,Marketing
6.06734,9.00841,Marketing
7.02182,14.6851,Marketing
4.73583,19.9891,Marketing
5.63046,10.7796,Marketing
6.80526,8.16824,Marketing
5.15993,17.5818,Marketing
4.61204,16.3858,Marketing
5.45364,17.8934,Marketing
4.67963,14.8601,Marketing
4.96014,18.8304,Marketing
5.8293,15.2374,Marketing
7.97839,8.31676,Marketing
6.51294,16.9201,Marketing
4.56485,16.7405,Marketing
4.07507,18.3653,Marketing
6.69644,8.28943,Marketing
5.35191,13.2275,Marketing
7.37904,7.59926,Marketing
6.45907,8.14577,Marketing
7.34818,8.713,Marketing
5.07275,16.7426,Marketing
7.05198,11.6958,Marketing
4.6846,13.6781,Marketing
8.16687,8.31499,Marketing
6.63479,10.9852,Marketing
4.45641,8.33739,Marketing
4.64638,13.0377,Marketing
3.89824,10.5775,Marketing
6.7301,8.67475,Marketing
4.11675,11.0331,Marketing
6.13123,8.68644,Marketing
4.03411,7.79245,Marketing
6.46849,8.09686,Marketing
7.42317,8.37118,Marketing
7.11608,7.61464,Marketing
7.08594,8.27716,Marketing
4.7955,18.8271,Marketing
3.21354,9.99095,Marketing
6.69369,8.11284,Marketing
4.7488,8.58528,Marketing
5.19355,9.10814,Marketing
3.79416,18.3287,Marketing
4.85352,15.4422,Marketing
4.47791,24.3451,Marketing
7.69092,7.28753,Marketing
5.45091,21.6985,Marketing
5.77136,7.51202,Marketing
3.04451,11.1561,Marketing
6.42572,7.44665,Marketing
4.48578,8.68236,Marketing
7.8732,7.90948,Marketing
7.9158,8.8258,Marketing
4.39275,7.72204,Marketing
8.32414,11.8025,Marketing
8.50293,8.23527,Marketing
7.5186,8.66039,Marketing
7.6396,8.69151,Marketing
4.29603,10.9994,Marketing
6.01024,8.60897,Marketing
3.18207,10.8566,Marketing
4.0176,16.8722,Marketing
8.57376,8.72408,Marketing
4.72783,10.6645,Marketing
7.60873,13.671,Marketing
7.3199,7.89171,Marketing
7.98716,11.1045,Marketing
8.45711,7.74298,Marketing
4.32921,11.7065,Marketing
3.65389,16.5659,Marketing
4.8939,7.56155,Marketing
3.46484,9.98542,Marketing
3.88688,19.6375,Marketing
5.33819,14.3205,Marketing
7.12348,7.37054,Marketing
5.90771,8.2583,Marketing
4.88014,12.7889,Marketing
6.49796,8.77677,Marketing
4.30621,12.0149,Marketing
3.23093,14.1714,Marketing
7.1349,8.52741,Marketing
7.15472,16.3514,Marketing
7.14485,8.72845,Marketing
4.03455,20.0687,Marketing
7.56545,8.44571,Marketing
6.16686,7.69002,Marketing
5.81269,7.55462,Marketing
6.22222,7.91162,Marketing
7.66878,7.89048,Marketing
6.74112,14.6304,Marketing
6.37104,11.6252,Marketing
8.53612,8.83187,Marketing
7.08786,8.51857,Marketing
6.13379,17.0294,Marketing
6.6665,7.40883,Marketing
4.85707,8.42422,Marketing
4.43032,13.3028,Marketing
6.67941,13.5359,Marketing
8.5129,12.0212,Marketing
8.13185,8.53965,Marketing
5.48393,16.6392,Marketing
6.47081,15.4198,Marketing
3.88301,9.31436,Marketing
8.44262,7.72111,Marketing
8.30413,7.26386,Marketing
7.20931,15.4418,Marketing
7.37757,8.53314,Marketing
7.3192,12.8642,Marketing
6.03182,7.90842,Marketing
4.1391,20.2261,Marketing
5.47172,10.3927,Marketing
6.54586,8.09624,Marketing
7.00377,12.0681,Marketing
5.62922,16.2495,Marketing
8.13363,7.87314,Marketing
3.64728,9.6005,Marketing
6.06479,13.251,Marketing
6.69251,8.54079,Marketing
6.60126,7.37958,Marketing
6.61335,10.1254,Marketing
4.66561,12.8967,Marketing
4.24994,15.6307,Marketing
7.21567,16.2367,Marketing
6.14027,8.55035,Marketing
4.65103,17.9818,Marketing
6.74244,8.21506,Marketing
5.28873,8.72362,Marketing
6.52696,8.30817,Marketing
7.9324,11.7348,Marketing
5.09297,22.4828,Marketing
4.19415,22.5814,Marketing
7.7965,13.6798,Marketing
6.12265,7.82651,Marketing
6.74732,8.55797,Marketing
7.55087,8.25812,Marketing
7.22928,7.28571,Marketing
8.34683,8.74647,Marketing
5.76196,8.59116,Marketing
5.98835,13.2082,Marketing
5.53648,13.8507,Marketing
3.49663,8.98772,Marketing
6.28855,11.3364,Marketing
4.90629,14.9691,Marketing
8.04152,8.15256,Marketing
6.07418,8.83166,Marketing
6.59881,13.0286,Marketing
4.70727,8.94138,Marketing
3.58599,15.322,Marketing
4.05242,20.6207,Marketing
5.51041,12.4499,Marketing
3.50366,12.8097,Marketing
6.42997,10.7475,Marketing
7.78038,7.99553,Marketing
8.02601,10.1006,Marketing
6.91973,12.317,Marketing
4.7477,17.1185,Marketing
7.68444,8.10947,Marketing
7.80555,7.94365,Marketing
4.16091,12.6301,Marketing
6.91995,8.057,Marketing
4.89822,14.3795,Marketing
7.39592,8.79471,Marketing
8.54317,8.53876,Marketing
3.03909,11.5942,Marketing
7.81824,7.44485,Marketing
6.13747,7.25669,Marketing
8.36625,8.24361,Marketing
5.38928,9.09362,Marketing
7.60748,8.26562,Marketing
4.57767,23.6814,Marketing
4.55885,8.67383,Marketing
3.77055,16.166,Marketing
8.41137,8.54309,Marketing
7.50252,8.97475,Marketing
7.67141,8.56039,Marketing
8.10435,7.81231,Marketing
3.85919,15.9802,Marketing
5.63025,15.5803,Marketing
3.43414,12.9198,Marketing
3.84331,9.00288,Marketing
5.15085,19.7609,Marketing
5.5817,10.6026,Marketing
5.30943,19.0568,Marketing
3.92798,15.7362,Marketing
4.90592,20.921,Marketing
3.99864,13.8547,Marketing
8.42918,8.82653,Marketing
7.68097,13.7172,Marketing
8.28722,7.83795,Marketing
5.18602,8.63827,Marketing
4.49089,11.1567,Marketing
7.29476,8.12061,Marketing
4.64868,9.97303,Marketing
4.55857,10.6231,Marketing
4.50086,13.7402,Marketing
4.0425,15.2062,Marketing
4.6165,13.4783,Marketing
5.26591,13.9477,Marketing
6.56237,8.28793,Marketing
3.28281,12.0183,Marketing
4.12237,11.53,Marketing
7.39959,8.48069,Marketing
3.74808,11.6188,Marketing
4.81684,10.5953,Marketing
7.74569,8.57041,Marketing
4.73728,20.0864,Marketing
3.2483,10.6109,Marketing
6.02251,13.7309,Marketing
4.97053,14.1657,Marketing
6.45719,13.3543,Marketing
7.72843,11.7239,Marketing
3.45736,9.53382,Marketing
5.94578,7.81153,Marketing
6.55372,17.3714,Marketing
4.08664,14.8204,Marketing
6.40512,9.59118,Marketing
5.14089,17.2638,Marketing
6.04351,13.7406,Marketing
4.6946,23.6529,Marketing
6.39243,18.4169,Marketing
5.14361,15.5035,Marketing
7.37218,7.50762,Marketing
4.22088,20.7647,Marketing
4.97708,7.90699,Marketing
5.32842,8.90359,Marketing
7.59354,14.7947,Marketing
5.85289,7.32414,Marketing
6.50971,8.18269,Marketing
7.1373,7.85867,Marketing
7.85294,9.66917,Marketing
5.04754,14.2358,Marketing
6.27521,13.0969,Marketing
7.55864,8.22186,Marketing
8.42833,7.92855,Marketing
7.97516,9.28386,Marketing
5.06888,11.2964,Marketing
4.42377,15.0768,Marketing
5.37122,7.6053,Marketing
7.68681,14.7295,Marketing
6.03637,13.4189,Marketing
6.33001,16.5722,Marketing
7.44954,7.34209,Marketing
5.4597,15.361,Marketing
7.92325,10.4329,Marketing
5.54865,13.6929,Marketing
5.75409,19.8141,Marketing
5.34877,9.32825,Marketing
7.08153,8.15076,Marketing
4.37118,18.3643,Marketing
4.61838,16.7601,Marketing
8.18859,7.83746,Marketing
3.84215,10.912,Marketing
6.19957,10.801,Marketing
5.98747,8.26204,Marketing
5.68405,10.4081,Marketing
6.57342,9.9778,Marketing
4.89311,17.4162,Marketing
5.80625,8.08028,Marketing
5.16844,12.154,Marketing
6.43401,7.8029,Marketing
3.65294,11.0724,Marketing
6.65171,14.699,Marketing
4.78063,18.8266,Marketing
4.48982,11.1322,Marketing
4.81523,17.3198,Marketing
4.83301,19.4303,Marketing
7.62653,9.61571,Marketing
4.4012,9.95049,Marketing
8.38509,10.9284,Marketing
8.40134,8.7473,Marketing
5.94858,8.34994,Marketing
3.56371,10.1727,Marketing
5.2805,13.0335,Marketing
7.2315,7.5818,Marketing
4.70737,8.26445,Marketing
3.77277,15.0984,Marketing
6.45986,13.7386,Marketing
7.82272,10.326,Marketing
7.31502,8.43166,Marketing
4.78482,19.4161,Marketing
7.07154,12.9373,Marketing
4.97365,18.6479,Marketing
4.03681,10.3413,Marketing
7.67902,7.45857,Marketing
5.29228,19.9297,Marketing
5.11586,17.6036,Marketing
3.35001,15.9895,Marketing
7.67639,7.61985,Marketing
7.45328,9.85715,Marketing
6.50327,10.2934,Marketing
7.08728,8.86479,Marketing
4.0287,13.8657,Marketing
6.06074,15.5003,Marketing
5.61752,17.3351,Marketing
3.44475,11.7786,Marketing
6.51069,18.0379,Marketing
8.03679,8.14085,Marketing
3.88589,18.6698,Marketing
5.31356,17.8488,Marketing
4.88809,18.5828,Marketing
5.31195,20.7334,Marketing
8.02712,8.723,Marketing
6.17218,15.9734,Marketing
5.23152,7.60363,Marketing
7.17613,9.10389,Marketing
4.8027,20.6988,Marketing
5.82717,11.8245,Marketing
5.05364,7.9773,Marketing
6.83268,14.9121,Marketing
8.50117,8.03454,Marketing
7.11353,8.05797,Marketing
5.66085,15.1887,Marketing
7.37686,7.26855,Marketing
4.81873,19.9613,Marketing
3.6515,17.082,Marketing
4.05637,11.2655,Marketing
5.6738,18.4293,Marketing
5.82436,10.5314,Marketing
6.18499,8.0923,Marketing
7.94826,7.89511,Marketing
5.76045,9.99577,Marketing
5.99823,12.6022,Marketing
3.66368,16.1161,Marketing
4.26571,22.368,Marketing
6.41754,13.6636,Marketing
6.00779,16.1192,Marketing
7.5152,7.88135,Marketing
4.80327,20.3675,Marketing
3.99808,20.4999,Marketing
5.80915,13.7408,Marketing
4.49837,13.4475,Marketing
4.21927,21.1506,Marketing
7.29396,12.1206,Marketing
3.47247,11.0594,Marketing
6.08946,7.6028,Marketing
5.36438,18.8723,Marketing
3.73242,10.0329,Marketing
5.89256,18.2591,Marketing
7.35031,8.44921,Marketing
5.48933,13.9589,Marketing
7.04188,8.42882,Marketing
3.91993,14.3311,Marketing
7.63392,12.5608,Marketing
4.39677,12.5627,Marketing
7.03247,12.334,Marketing
5.83725,7.64584,Marketing
8.16315,8.82111,Marketing
4.75024,7.56646,Marketing
3.8953,17.335,Marketing
4.46918,25.056,Marketing
7.43337,7.81491,Marketing
5.78899,9.44341,Marketing
7.14584,8.03363,Marketing
4.52775,13.8778,Marketing
4.95252,11.6837,Marketing
4.27496,22.7128,Marketing
8.26544,7.98281,Marketing
6.56442,8.63947,Marketing
8.09348,7.97325,Marketing
5.48465,20.8005,Marketing
6.08394,7.38215,Marketing
6.61592,8.52484,Marketing
5.26587,16.0011,Marketing
7.64056,8.5241,Marketing
8.26109,8.72287,Marketing
7.81677,8.11196,Marketing
7.4669,12.8904,Marketing
4.47333,11.0478,Marketing
5.18844,17.2581,Marketing
8.30057,8.19744,Marketing
3.44022,16.2777,Marketing
6.75819,7.76352,Marketing
6.67843,7.57878,Marketing
6.64639,11.8337,Marketing
8.39258,7.57101,Marketing
4.48275,9.26127,Marketing
5.36814,15.7023,Marketing
4.59759,22.961,Marketing
5.45107,10.8575,Marketing
5.32479,19.6036,Marketing
4.97737,11.9997,Marketing
7.46211,7.65418,Marketing
8.10475,7.95076,Marketing
4.25326,14.0551,Marketing
4.76038,8.46324,Marketing
8.15813,8.80389,Marketing
4.36191,21.7713,Marketing
4.55862,21.8805,Marketing
4.68162,19.1578,Marketing
6.08042,8.23405,Marketing
3.59095,10.0116,Marketing
8.25496,7.53046,Marketing
6.00587,15.6377,Marketing
6.49257,17.0381,Marketing
4.40127,12.0744,Marketing
5.28632,7.8434,Marketing
6.58584,9.156,Marketing
6.99003,7.93997,Marketing
7.05163,8.34807,Marketing
6.04108,8.82189,Marketing
8.00002,8.7006,Marketing
7.39805,8.01093,Marketing
7.02685,7.95219,Marketing
4.25849,21.1778,Marketing
3.26144,14.854,Marketing
3.84962,8.96976,Marketing
6.49844,8.28186,Marketing
4.92313,7.82434,Marketing
5.26228,11.3547,Marketing
8.14587,11.0885,Marketing
7.79837,7.36409,Marketing
7.86969,7.26581,Marketing
5.06416,14.3853,Marketing
6.65015,8.15023,Marketing
5.28966,18.7119,Marketing
5.01946,20.6857,Marketing
3.65027,8.68803,Marketing
5.56889,17.3929,Marketing
5.49625,11.9623,Marketing
8.23802,14.8344,Marketing
4.03283,15.6514,Marketing
7.49341,13.3541,Marketing
6.34801,14.1092,Marketing
4.38843,9.71387,Marketing
5.97348,12.8392,Marketing
5.60962,20.0522,Marketing
6.71211,13.872,Marketing
5.0608,7.83196,Marketing
4.67122,18.9765,Marketing
3.82722,13.9808,Marketing
5.70758,7.51661,Marketing
7.88838,7.80174,Marketing
4.61432,8.70122,Marketing
7.33036,11.9914,Marketing
6.50883,8.63972,Marketing
8.07015,7.85304,Marketing
7.47198,8.482,Marketing
5.92571,8.39721,Marketing
6.51416,8.77639,Marketing
7.85391,7.71044,Marketing
4.97527,8.92862,Marketing
4.66185,10.0622,Marketing
3.76812,19.2002,Marketing
7.44516,7.93774,Marketing
7.29205,7.95016,Marketing
3.7777,14.1946,Marketing
6.85682,16.2198,Marketing
6.17592,16.2292,Marketing
3.96992,15.1495,Marketing
8.37043,7.89044,Marketing
3.84672,8.82138,Marketing
4.43765,22.158,Marketing
5.99772,7.50967,Marketing
7.02854,8.95601,Marketing
3.38482,14.5743,Marketing
6.38862,7.55483,Marketing
5.66852,7.94831,Marketing
4.49212,20.6891,Marketing
3.74102,10.1632,Marketing
6.28842,11.5872,Marketing
4.37039,9.0941,Marketing
8.10056,7.75914,Marketing
7.86111,12.106,Marketing
8.32559,7.32386,Marketing
5.10111,17.6654,Marketing
8.25727,7.46172,Marketing
5.00593,7.48,Marketing
5.8548,19.6719,Marketing
3.45475,14.23,Marketing
4.31405,21.8323,Marketing
6.61762,7.80551,Marketing
6.09318,15.8138,Marketing
3.93472,8.97034,Marketing
6.32666,9.43033,Marketing
5.03119,17.4066,Marketing
6.86079,16.2134,Marketing
5.82121,18.7339,Marketing
7.77112,11.0344,Marketing
7.83355,11.7516,Marketing
5.43877,8.86798,Marketing
5.0438,12.1934,Marketing
4.9834,11.0114,Marketing
7.30878,7.8433,Marketing
4.87797,11.932,Marketing
4.65832,16.4322,Marketing
3.47272,12.5245,Marketing
5.93961,13.955,Marketing
5.32629,7.59571,Marketing
7.57813,8.3538,Marketing
4.23355,11.9471,Marketing
5.73018,16.7302,Marketing
7.49818,9.40158,Marketing
7.63387,9.79534,Marketing
4.76634,7.85887,Marketing
5.56773,11.0197,Marketing
4.29097,8.00254,Marketing
8.19468,8.91948,Marketing
4.00151,15.4374,Marketing
8.05664,7.61212,Marketing
6.56632,7.78662,Marketing
6.54646,15.8889,Marketing
4.38082,23.5265,Marketing
5.33217,8.004,Marketing
5.04114,9.07395,Marketing
3.84601,11.7229,Marketing
6.39175,7.70848,Marketing
8.59201,10.3968,Marketing
5.8171,7.65989,Marketing
7.3221,12.9092,Marketing
3.24254,11.3359,Marketing
6.16525,18.6516,Marketing
3.78743,13.6348,Marketing
6.63361,12.2567,Marketing
8.13802,8.08725,Marketing
6.8299,11.3599,Marketing
3.40801,12.3709,Marketing
4.59144,7.91297,Marketing
6.64439,15.7322,Marketing
5.93743,17.3874,Marketing
7.9121,11.7545,Marketing
7.34356,7.6693,Marketing
6.89374,14.6503,Marketing
4.82789,9.01928,Marketing
4.52339,12.7016,Marketing
3.61999,12.698,Marketing
5.41739,15.334,Marketing
5.26041,10.7524,Marketing
6.65143,8.98997,Marketing
6.55698,9.10035,Marketing
4.36202,21.321,Marketing
5.03355,9.68469,Marketing
3.79113,10.111,Marketing
3.90363,12.481,Marketing
7.52861,8.6479,Marketing
3.43998,14.5557,Marketing
5.55303,13.0592,Marketing
4.52289,17.435,Marketing
7.80304,8.28881,Marketing
5.81205,7.89439,Marketing
5.15547,19.6929,Marketing
5.50123,8.06655,Marketing
6.91549,8.33988,Marketing
8.20341,7.60804,Marketing
3.74457,7.58942,Marketing
7.77313,7.64702,Marketing
8.35905,10.3037,Marketing
8.07777,8.74454,Marketing
6.58732,10.6102,Marketing
6.36269,8.89271,Marketing
5.61896,14.521,Marketing
7.00397,7.99912,Marketing
5.72251,8.48844,Marketing
6.55416,8.02675,Marketing
5.07224,8.22777,Marketing
6.83043,7.57378,Marketing
7.43947,7.99956,Marketing
3.66824,10.9267,Marketing
7.52756,8.33251,Marketing
5.72501,8.02143,Marketing
7.84084,10.5138,Marketing
5.06575,8.01476,Marketing
5.03654,10.5935,Marketing
7.90055,7.22356,Marketing
4.4657,12.409,Marketing
8.03875,12.3197,Marketing
5.46694,8.75883,Marketing
6.42263,15.7248,Marketing
4.42601,8.93611,Marketing
6.46476,12.8987,Marketing
4.92388,12.5065,Marketing
4.22953,21.8055,Marketing
4.92022,15.367,Marketing
3.77328,19.4876,Marketing
8.4491,8.71888,Marketing
8.38868,8.86063,Marketing
5.76153,16.2422,Marketing
6.91689,8.52181,Marketing
4.83386,10.5765,Marketing
6.99039,12.2978,Marketing
7.34685,8.2014,Marketing
8.62054,11.98,Marketing
5.6204,14.6971,Marketing
7.28375,8.83688,Marketing
5.29007,19.0258,Marketing
8.40316,7.6541,Marketing
3.28317,14.0223,Marketing
6.12887,8.21792,Marketing
6.5569,9.02649,Marketing
7.0058,11.5147,Marketing
4.74468,22.031,Marketing
8.15323,8.22153,Marketing
4.20832,13.8981,Marketing
7.13707,16.2464,Marketing
4.36426,13.0453,Marketing
5.00292,14.1964,Marketing
5.81817,8.52485,Marketing
6.10048,18.0944,Marketing
4.43642,17.0905,Marketing
4.52134,17.2724,Marketing
5.90866,16.3163,Marketing
7.08336,8.44793,Marketing
7.95839,8.67364,Marketing
4.58637,22.5779,Marketing
5.04848,9.93632,Marketing
4.36137,19.6765,Marketing
4.29372,23.6163,Marketing
6.78111,10.924,Marketing
6.6093,12.6005,Marketing
4.85787,20.7317,Marketing
5.17281,19.7168,Marketing
3.28144,14.1189,Marketing
7.42152,7.26843,Marketing
8.29999,7.57611,Marketing
4.46814,18.7226,Marketing
4.25468,11.5807,Marketing
8.08619,11.4309,Marketing
8.09523,8.35564,Marketing
5.65533,13.9557,Marketing
3.42559,13.9527,Marketing
4.33568,22.7542,Marketing
6.28839,11.262,Marketing
4.96901,9.23238,Marketing
3.37987,14.7359,Marketing
6.5334,12.9612,Marketing
3.52718,17.0051,Marketing
7.30431,8.80043,Marketing
5.56115,19.2631,Marketing
3.91879,18.9551,Marketing
6.8757,15.7646,Marketing
5.06177,9.80685,Marketing
8.38302,8.37175,Marketing
6.59219,15.6139,Marketing
4.84084,14.4765,Marketing
7.00118,10.3099,Marketing
4.70766,13.4816,Marketing
7.91402,7.93298,Marketing
4.72703,8.04274,Marketing
5.84942,8.62069,Marketing
2.96819,9.83883,Marketing
5.10756,8.67272,Marketing
7.87755,11.5132,Marketing
7.35923,8.30095,Marketing
4.73626,16.304,Marketing
5.17279,20.137,Marketing
7.40324,8.06321,Marketing
8.04777,7.71451,Marketing
4.23606,18.8143,Marketing
5.77318,13.3617,Marketing
5.47867,16.8339,Marketing
7.8253,8.95902,Marketing
4.5618,22.3895,Marketing
4.77136,17.3373,Marketing
7.10059,8.86484,Marketing
4.06712,19.6899,Marketing
5.47007,8.32401,Marketing
6.01365,15.9583,Marketing
4.42693,7.53432,Marketing
5.05494,9.91457,Marketing
6.30193,13.7768,Marketing
4.42114,16.8909,Marketing
5.99217,8.70224,Marketing
7.28331,7.62943,Marketing
7.56964,12.668,Marketing
4.06294,14.0731,Marketing
4.73691,20.3917,Marketing
4.03721,7.62791,Marketing
5.48729,15.6272,Marketing
5.87204,16.5136,Marketing
6.55355,7.89842,Marketing
3.79341,16.9337,Marketing
3.15462,12.3813,Marketing
5.50815,14.1383,Marketing
6.76704,8.87011,Marketing
4.54109,16.2268,Marketing
6.4252,8.81997,Marketing
4.41937,11.5212,Marketing
7.73604,7.3184,Marketing
7.88148,8.10518,Marketing
4.85022,13.362,Marketing
5.14301,19.6562,Marketing
5.75752,15.3281,Marketing
4.49792,13.2774,Marketing
7.39052,15.8288,Marketing
7.72543,10.4866,Marketing
7.39054,15.7904,Marketing
7.44763,8.07958,Marketing
5.03356,9.59059,Marketing
3.72409,10.892,Marketing
7.25465,11.0407,Marketing
4.71558,8.71443,Marketing
6.49118,7.79531,Marketing
4.84046,14.7229,Marketing
3.8831,16.4061,Marketing
8.40711,7.56739,Marketing
3.86194,12.139,Marketing
8.51649,8.77803,Marketing
8.277,7.2284,Marketing
7.93915,14.1635,Marketing
6.81287,11.3347,Marketing
6.83838,16.0021,Marketing
7.84109,9.35054,Marketing
5.11305,16.1542,Marketing
5.29087,8.06265,Marketing
6.44728,10.2212,Marketing
5.64415,14.3139,Marketing
5.60683,13.0919,Marketing
5.02924,13.179,Marketing
6.05921,9.72779,Marketing
7.62207,8.22366,Marketing
4.58985,16.2256,Marketing
8.03649,7.39361,Marketing
6.97519,11.1826,Marketing
7.38632,7.58636,Marketing
5.93692,9.06442,Marketing
7.12427,7.60717,Marketing
3.98568,20.8652,Marketing
7.43627,8.30202,Marketing
3.49271,15.1269,Marketing
7.8293,7.9497,Marketing
8.53004,8.70739,Marketing
5.50304,19.4124,Marketing
5.23641,21.5666,Marketing
6.99254,7.19123,Marketing
4.48075,12.4435,Marketing
7.76885,8.72974,Marketing
3.21488,9.21685,Marketing
4.06662,15.6257,Marketing
8.42839,8.48916,Marketing
7.14751,13.5626,Marketing
7.60474,8.2682,Marketing
4.99476,13.1924,Marketing
7.0671,12.6951,Marketing
6.17217,9.11263,Marketing
6.03094,7.35718,Marketing
7.48296,16.109,Marketing
6.15803,10.0121,Marketing
5.55122,12.5057,Marketing
4.18798,8.5635,Marketing
7.18865,8.78123,Marketing
4.32457,12.4925,Marketing
6.64861,8.06575,Marketing
4.02082,9.37491,Marketing
6.90915,14.0551,Marketing
7.06947,8.87784,Marketing
3.95685,9.59411,Marketing
3.91582,17.858,Marketing
4.57118,19.8939,Marketing
6.14013,8.18512,Marketing
7.5442,7.5842,Marketing
3.34488,13.5322,Marketing
6.94681,8.47682,Marketing
4.47108,7.5555,Marketing
6.22388,15.87,Marketing
8.12474,8.49089,Marketing
4.46605,8.01848,Marketing
5.61919,11.145,Marketing
4.11608,22.1757,Marketing
3.61748,13.9954,Marketing
4.53049,12.5885,Marketing
2.98032,11.1834,Marketing
6.38595,9.0175,Marketing
5.8965,15.7581,Marketing
6.20382,11.904,Marketing
3.99975,12.3763,Marketing
4.56262,10.8473,Marketing
6.45971,7.91689,Marketing
8.22436,7.40591,Marketing
3.14311,11.4216,Marketing
8.02991,9.72951,Marketing
6.71795,14.9687,Marketing
6.8976,17.2903,Marketing
6.39764,16.2511,Marketing
3.94004,17.562,Marketing
4.24159,19.1623,Marketing
6.09174,8.02611,Marketing
5.35382,15.5198,Marketing
7.94151,7.47215,Marketing
5.32892,11.7269,Marketing
4.58909,19.3859,Marketing
6.73361,7.61463,Marketing
4.38667,9.40398,Marketing
6.7558,18.1047,Marketing
6.65936,7.86455,Marketing
7.98106,8.75267,Marketing
7.72827,12.354,Marketing
6.68566,9.26879,Marketing
6.65937,8.85425,Marketing
8.15552,7.84,Marketing
4.87383,13.654,Marketing
3.95963,21.4512,Marketing
4.75943,13.9223,Marketing
4.5086,14.6045,Marketing
6.51864,8.55547,Marketing
6.22799,7.46886,Marketing
6.79249,14.738,Marketing
3.56401,17.0678,Marketing
7.05742,9.76448,Marketing
4.4293,8.14676,Marketing
6.889,11.7136,Marketing
6.94289,18.0971,Marketing
5.4243,16.0577,Marketing
3.52609,10.2923,Marketing
4.25986,19.0797,Marketing
7.72967,10.2282,Marketing
8.03269,8.23138,Marketing
6.87458,12.414,Marketing
4.22144,18.2437,Marketing
5.87671,16.9052,Marketing
7.09829,10.1235,Marketing
7.18048,8.0966,Marketing
3.58907,11.7485,Marketing
3.10063,13.779,Marketing
7.48004,14.4729,Marketing
5.52661,16.2246,Marketing
5.03267,17.3316,Marketing
3.3446,15.2751,Marketing
5.83761,9.0347,Marketing
7.73772,9.23319,Marketing
8.31657,8.6529,Marketing
5.89089,8.1306,Marketing
6.11094,12.8997,Marketing
3.2452,10.4569,Marketing
5.74533,7.73803,Marketing
5.17035,11.7468,Marketing
6.20009,8.66282,Marketing
6.13094,19.9165,Marketing
4.16147,10.2619,Marketing
3.28877,10.3102,Marketing
4.5968,10.1225,Marketing
4.36801,19.932,Marketing
4.23743,14.3931,Marketing
8.37069,7.52485,Marketing
5.18147,8.36006,Marketing
5.61541,7.49315,Marketing
7.71785,7.83263,Marketing
8.48308,8.08862,Marketing
6.81103,15.4891,Marketing
7.32776,7.64655,Marketing
5.09886,13.9874,Marketing
5.55577,19.2521,Marketing
5.19825,10.7623,Marketing
7.17435,13.8765,Marketing
6.63974,8.53851,Marketing
5.76948,20.6591,Marketing
4.42722,18.4767,Marketing
7.07138,15.1308,Marketing
4.40084,18.5048,Marketing
5.97407,8.18612,Marketing
7.4233,14.9799,Marketing
6.75637,8.5866,Marketing
7.02874,8.1636,Marketing
7.82958,8.87951,Marketing
6.20624,14.5459,Marketing
7.40887,12.8475,Marketing
6.14147,7.4807,Marketing
4.7663,18.6231,Marketing
3.88423,19.4362,Marketing
4.34654,9.52191,Marketing
5.36298,10.0518,Marketing
6.25236,8.59106,Marketing
7.66807,8.67109,Marketing
5.04535,20.6123,Marketing
4.25245,17.3203,Marketing
8.21898,7.45661,Marketing
4.854,23.6861,Marketing
5.56918,9.97968,Marketing
6.66263,13.9986,Marketing
5.89579,9.4999,Marketing
4.53147,21.9802,Marketing
3.34777,12.9041,Marketing
4.59321,21.4782,Marketing
6.0952,8.89044,Marketing
5.78475,8.33898,Marketing
4.99423,18.1134,Marketing
6.37983,8.61447,Marketing
7.65656,10.1929,Marketing
3.64998,16.4639,Marketing
6.01472,12.9216,Marketing
6.68875,8.5925,Marketing
4.07503,8.83078,Marketing
4.8022,12.3598,Marketing
6.21389,8.43343,Marketing
7.8272,7.49461,Marketing
7.30075,7.5421,Marketing
5.92225,7.46754,Marketing
6.85211,7.83822,Marketing
5.2909,13.6559,Marketing
7.0039,14.0576,Marketing
5.29706,8.19988,Marketing
4.48306,15.8948,Marketing
6.92756,10.066,Marketing
5.93167,9.00223,Marketing
5.4804,15.6986,Marketing
8.06764,8.92965,Marketing
3.69476,17.9895,Marketing
4.31639,7.55237,Marketing
4.13281,19.9774,Marketing
7.28675,9.77579,Marketing
6.70453,8.03871,Marketing
4.84848,11.4941,Marketing
7.35698,15.3487,Marketing
5.28572,11.9174,Marketing
8.72797,11.0978,Sales
3.48214,8.74849,Sales
3.89573,8.66608,Sales
3.80725,8.62371,Sales
7.39736,9.35693,Sales
3.88197,10.6497,Sales
2.84881,7.88967,Sales
8.52858,8.33551,Sales
2.88284,10.4711,Sales
7.59832,8.84344,Sales
5.24877,13.2471,Sales
7.51456,7.74324,Sales
5.87664,8.60731,Sales
7.8309,7.32694,Sales
8.0709,8.15135,Sales
2.58906,8.68181,Sales
3.44563,12.7851,Sales
4.40066,11.8677,Sales
7.19701,14.254,Sales
7.78715,7.65952,Sales
5.61508,11.4014,Sales
6.41788,10.6318,Sales
3.67406,8.69184,Sales
7.42947,8.97015,Sales
8.29438,7.92591,Sales
4.94227,15.7503,Sales
5.42968,7.83599,Sales
2.99483,8.14593,Sales
6.34664,12.5917,Sales
5.81517,10.8727,Sales
3.9744,13.7909,Sales
5.64581,12.6499,Sales
5.24573,14.9196,Sales
5.82222,9.90038,Sales
6.5303,12.8028,Sales
2.55444,8.40304,Sales
7.41289,11.2113,Sales
6.93916,9.55732,Sales
4.98955,10.8641,Sales
2.75036,7.74988,Sales
7.02768,8.07466,Sales
8.46269,10.1015,Sales
4.21577,10.7587,Sales
4.72687,10.8251,Sales
3.68319,9.02885,Sales
6.39077,12.021,Sales
3.45325,8.53474,Sales
5.38366,14.9599,Sales
7.24402,13.1711,Sales
5.84326,8.00806,Sales
5.55666,14.871,Sales
5.06249,8.5863,Sales
6.02748,9.55755,Sales
2.59934,8.95019,Sales
2.99473,8.55857,Sales
7.82224,8.35675,Sales
2.88734,7.62639,Sales
6.6425,7.22504,Sales
8.29941,10.5426,Sales
4.57791,12.3578,Sales
5.53501,15.5446,Sales
6.40745,12.6069,Sales
8.01822,10.096,Sales
8.18479,8.32195,Sales
6.86227,7.42171,Sales
2.93366,7.56802,Sales
6.9808,12.3169,Sales
5.51443,13.1946,Sales
5.80308,12.5084,Sales
2.98688,10.0845,Sales
3.81699,9.83887,Sales
7.22354,7.90268,Sales
5.27546,8.67009,Sales
4.78465,12.534,Sales
5.24496,12.1986,Sales
8.15441,12.8067,Sales
6.93682,7.57954,Sales
4.8816,15.0023,Sales
3.23012,8.55695,Sales
3.97687,7.9644,Sales
8.63347,13.5101,Sales
6.06806,8.86361,Sales
6.21455,12.798,Sales
6.01173,7.55167,Sales
5.15427,12.3606,Sales
7.79816,12.172,Sales
5.90658,10.5806,Sales
3.3426,9.61023,Sales
3.33582,8.87946,Sales
6.25152,12.947,Sales
8.18112,8.57904,Sales
4.27345,7.56939,Sales
7.65685,7.50533,Sales
7.1419,8.60442,Sales
4.5718,13.5464,Sales
2.76786,8.80972,Sales
3.08194,8.07451,Sales
7.14097,10.5318,Sales
3.65004,7.86836,Sales
5.40926,14.3705,Sales
6.25499,14.89,Sales
6.86723,8.23275,Sales
3.38728,10.2036,Sales
5.51708,13.4325,Sales
5.36471,7.78155,Sales
6.25619,12.7732,Sales
7.41604,8.12101,Sales
3.8847,11.5023,Sales
7.79206,12.0777,Sales
6.66363,8.17243,Sales
6.60029,15.0521,Sales
6.99489,10.7922,Sales
5.22779,10.5216,Sales
3.32748,8.29692,Sales
6.39859,7.26131,Sales
6.49728,15.8215,Sales
6.55171,10.0744,Sales
4.53771,8.33572,Sales
7.90527,7.71153,Sales
6.38454,11.3976,Sales
3.07621,8.91712,Sales
5.29092,9.0352,Sales
7.04065,8.11397,Sales
7.25849,8.02035,Sales
5.85567,11.6823,Sales
7.81384,7.5477,Sales
4.07106,7.96011,Sales
5.50104,13.0581,Sales
7.90013,8.11497,Sales
7.82249,7.54345,Sales
6.68096,8.71797,Sales
7.71754,8.62575,Sales
3.07074,8.68461,Sales
7.73035,8.41409,Sales
4.4577,8.56056,Sales
3.90514,11.3245,Sales
4.47687,13.1511,Sales
5.44025,12.1102,Sales
4.37174,11.5621,Sales
4.8355,11.9636,Sales
3.32472,8.45803,Sales
4.60939,11.2549,Sales
5.96412,8.43412,Sales
5.56517,11.9357,Sales
5.39436,15.5714,Sales
7.17098,9.82546,Sales
7.85002,7.94061,Sales
7.00468,7.76667,Sales
5.1666,14.3219,Sales
7.2101,10.2868,Sales
3.78759,11.6994,Sales
3.21094,7.68742,Sales
5.13781,13.3218,Sales
7.32806,7.90873,Sales
4.56487,13.5637,Sales
3.11362,10.4581,Sales
3.42157,9.50739,Sales
7.74821,8.91461,Sales
6.73979,12.0712,Sales
4.78163,15.1419,Sales
5.9149,8.91486,Sales
5.74873,8.92643,Sales
7.29361,15.8782,Sales
4.14454,10.4963,Sales
7.84221,9.45295,Sales
4.70013,11.3543,Sales
6.67126,8.17292,Sales
2.77875,10.007,Sales
5.2459,12.8249,Sales
4.58627,8.02718,Sales
5.93892,9.77328,Sales
3.38638,12.3974,Sales
7.22811,7.96462,Sales
4.31827,12.8976,Sales
6.5841,8.318,Sales
7.41949,8.97572,Sales
6.67667,15.413,Sales
7.20328,10.419,Sales
6.57983,9.10486,Sales
4.95996,11.1827,Sales
7.30786,7.66403,Sales
4.28627,8.42705,Sales
6.65697,14.7281,Sales
7.35342,11.5248,Sales
5.25755,12.5872,Sales
4.3429,8.49811,Sales
5.20271,7.72242,Sales
7.34297,7.48492,Sales
8.05345,7.7916,Sales
6.35228,13.4066,Sales
6.83194,11.3952,Sales
8.62039,14.343,Sales
3.07833,8.22149,Sales
3.99308,9.19342,Sales
6.70657,7.68771,Sales
7.41449,7.81431,Sales
7.59859,7.66135,Sales
5.68581,14.4758,Sales
3.11562,9.05769,Sales
5.77555,14.0506,Sales
4.09264,10.1626,Sales
4.98028,14.8637,Sales
7.35487,10.0767,Sales
3.38535,12.2364,Sales
7.47633,8.16226,Sales
5.70791,13.9917,Sales
6.64657,13.2832,Sales
3.03977,8.35811,Sales
4.56516,8.6175,Sales
3.129,9.15851,Sales
8.44657,9.61017,Sales
7.61335,10.5003,Sales
5.61027,11.3749,Sales
3.78032,7.7395,Sales
8.03205,7.40681,Sales
5.03926,12.4909,Sales
3.53428,8.92997,Sales
6.58204,14.4913,Sales
8.72296,13.0639,Sales
2.54395,8.56224,Sales
4.31407,11.7536,Sales
8.06846,7.46302,Sales
3.80748,10.8396,Sales
3.14592,8.03066,Sales
6.26067,11.2171,Sales
7.67271,8.06665,Sales
5.71876,11.401,Sales
8.3786,7.20298,Sales
6.61635,8.49222,Sales
3.12529,9.97477,Sales
8.41309,7.60755,Sales
5.54216,13.5752,Sales
4.14611,7.56246,Sales
6.35234,12.7113,Sales
4.29581,7.99054,Sales
3.04997,8.62364,Sales
2.5202,8.47911,Sales
5.78451,13.4895,Sales
7.56127,8.42196,Sales
6.49041,13.1691,Sales
8.76488,10.427,Sales
4.25216,8.54716,Sales
4.65898,12.5561,Sales
3.45376,8.27244,Sales
3.55836,8.97925,Sales
4.76942,13.2928,Sales
7.33906,8.81582,Sales
8.15387,10.0093,Sales
8.42572,8.68612,Sales
4.03108,9.52394,Sales
7.78722,8.0394,Sales
5.0811,13.756,Sales
3.11599,7.78322,Sales
7.89905,9.65882,Sales
6.41149,8.99016,Sales
3.41275,7.63248,Sales
5.2895,10.1085,Sales
4.16843,7.77123,Sales
7.18539,10.4803,Sales
5.92159,14.5148,Sales
8.87429,11.9516,Sales
2.89917,8.99076,Sales
4.935,10.986,Sales
5.30204,7.39004,Sales
6.28469,15.0794,Sales
4.37794,8.09747,Sales
7.42603,13.0568,Sales
7.76268,8.17472,Sales
8.15652,8.24086,Sales
7.93283,13.4936,Sales
7.63303,8.32196,Sales
6.20405,11.7756,Sales
7.77216,10.9168,Sales
4.4099,9.06111,Sales
5.29331,11.8475,Sales
4.82141,12.0355,Sales
5.96291,14.127,Sales
4.214,8.27263,Sales
8.8171,12.9413,Sales
4.3108,7.66123,Sales
3.03066,7.81978,Sales
5.90119,10.34,Sales
2.9145,9.00076,Sales
3.23816,9.00767,Sales
4.35472,13.1382,Sales
5.44373,9.61954,Sales
5.13755,8.5549,Sales
7.21453,7.32252,Sales
7.30854,11.4429,Sales
5.77037,14.6273,Sales
4.59832,9.1147,Sales
4.43501,8.58214,Sales
7.08505,7.5545,Sales
2.83599,8.56751,Sales
2.52549,7.9072,Sales
7.279,8.12825,Sales
5.56027,9.97258,Sales
3.34629,8.87492,Sales
3.85839,7.79159,Sales
8.55618,12.1758,Sales
8.18793,12.8309,Sales
6.82894,8.74091,Sales
5.70525,11.0012,Sales
5.83142,10.0652,Sales
8.27635,7.33319,Sales
8.5507,10.3175,Sales
4.07779,10.8698,Sales
7.94871,13.3096,Sales
4.41973,14.9275,Sales
3.93372,9.6674,Sales
6.85791,10.8336,Sales
4.87278,7.70811,Sales
8.08063,7.94798,Sales
3.08084,8.76266,Sales
5.60408,8.49749,Sales
8.4215,11.7239,Sales
7.9669,8.41594,Sales
3.43032,8.2366,Sales
5.24455,13.14,Sales
6.6749,12.2844,Sales
3.66776,10.2178,Sales
8.46346,9.40996,Sales
7.99786,8.11627,Sales
3.57473,8.96964,Sales
3.23901,8.43827,Sales
3.07395,8.89651,Sales
8.30995,11.2135,Sales
3.81782,9.70708,Sales
5.56883,13.359,Sales
5.60334,11.8987,Sales
6.0076,7.37214,Sales
3.02159,9.16868,Sales
3.89795,8.62651,Sales
8.17036,8.75844,Sales
8.40369,12.1134,Sales
7.22273,8.39688,Sales
2.68692,9.00236,Sales
4.56423,9.17206,Sales
6.20453,7.57056,Sales
4.11064,7.90734,Sales
7.98465,8.27805,Sales
6.20814,7.28048,Sales
3.01686,9.11677,Sales
7.88228,7.3883,Sales
8.25218,8.06602,Sales
3.08796,9.44106,Sales
5.85263,9.60158,Sales
5.03707,14.7132,Sales
4.75715,7.32874,Sales
3.57459,8.27781,Sales
6.22279,10.4474,Sales
8.23582,7.90721,Sales
6.32988,15.4894,Sales
3.06625,8.96276,Sales
6.93649,14.5908,Sales
5.04701,12.7985,Sales
7.6937,8.5774,Sales
5.52014,11.9206,Sales
4.15968,12.8265,Sales
3.75437,9.273,Sales
7.54153,11.9472,Sales
4.07585,8.11631,Sales
7.0255,7.38615,Sales
3.86957,9.50597,Sales
4.77288,11.3392,Sales
5.98576,14.436,Sales
8.08168,7.32388,Sales
8.3739,10.5772,Sales
3.77803,8.62857,Sales
4.63772,8.13633,Sales
3.44804,8.78377,Sales
5.7274,9.69116,Sales
5.17131,7.37259,Sales
8.03544,9.21514,Sales
8.43786,11.2467,Sales
5.1936,11.7609,Sales
5.89855,12.2237,Sales
8.44556,13.1522,Sales
7.69614,11.2755,Sales
2.48004,7.99651,Sales
4.4804,8.79535,Sales
5.89952,16.0367,Sales
4.06413,9.9613,Sales
3.61555,7.56325,Sales
2.71444,8.25047,Sales
6.69386,11.1365,Sales
4.12156,8.69503,Sales
3.14467,11.3307,Sales
3.83458,7.82675,Sales
7.79236,12.4022,Sales
7.50968,7.16242,Sales
5.94357,13.1004,Sales
5.58549,13.5206,Sales
8.33909,7.75603,Sales
3.9689,10.6894,Sales
3.82498,8.5897,Sales
4.26731,8.41052,Sales
3.57709,8.67514,Sales
5.19046,11.9611,Sales
7.92349,7.65983,Sales
6.21619,8.3612,Sales
5.22065,10.4613,Sales
8.2436,9.25878,Sales
2.9967,10.21,Sales
3.67268,7.49534,Sales
5.93546,8.52392,Sales
6.70622,12.7603,Sales
2.736,8.34808,Sales
5.37757,12.3579,Sales
7.02955,13.8432,Sales
7.05475,11.4102,Sales
6.25968,7.51329,Sales
5.1451,14.7502,Sales
3.29966,10.4868,Sales
5.62992,13.3201,Sales
3.2465,8.0925,Sales
8.09071,7.16434,Sales
5.32875,7.99629,Sales
4.5948,9.9772,Sales
7.38214,10.6464,Sales
5.6753,9.87673,Sales
4.51045,9.61094,Sales
7.27677,7.21515,Sales
7.87902,9.63479,Sales
7.51582,17.2126,Sales
3.82943,17.4236,Sales
6.09196,9.90887,Sales
7.17556,8.95088,Sales
3.56616,10.5481,Sales
4.41769,13.2002,Sales
8.2452,12.0962,Sales
2.61183,8.28735,Sales
7.66835,13.9606,Sales
5.30944,7.89852,Sales
5.6267,12.2221,Sales
2.52701,8.23221,Sales
7.82745,11.7673,Sales
4.93148,10.6929,Sales
6.19445,12.221,Sales
7.24111,14.2168,Sales
6.71399,8.09541,Sales
8.16036,7.33684,Sales
6.41214,14.6927,Sales
4.88491,8.10445,Sales
8.23732,8.15327,Sales
6.6108,10.4574,Sales
4.69451,11.9136,Sales
3.23124,8.07965,Sales
7.52856,7.81816,Sales
4.60616,7.63681,Sales
6.67739,10.0584,Sales
6.19037,15.9877,Sales
4.2476,13.2866,Sales
6.5917,12.4835,Sales
2.86269,8.33954,Sales
5.53077,13.1765,Sales
6.24076,12.3196,Sales
5.06497,7.74967,Sales
7.47451,12.4365,Sales
7.75958,10.6928,Sales
7.51227,11.5491,Sales
2.95126,10.3259,Sales
3.57464,7.49096,Sales
5.63376,7.40077,Sales
8.20165,8.85887,Sales
7.42038,7.25768,Sales
7.74539,9.77066,Sales
4.84276,12.9729,Sales
5.83567,15.0448,Sales
5.67772,11.3798,Sales
3.80969,11.6051,Sales
3.00832,11.2605,Sales
8.28714,8.9714,Sales
3.92971,8.15362,Sales
4.04712,9.25186,Sales
2.90612,7.49639,Sales
8.05739,7.90386,Sales
5.95334,7.93185,Sales
6.43231,7.49567,Sales
7.88408,7.2647,Sales
5.30466,14.8239,Sales
6.29569,8.74179,Sales
3.04096,11.1339,Sales
3.86291,10.4855,Sales
7.57156,8.82007,Sales
7.72178,13.678,Sales
4.76138,9.66119,Sales
5.15588,11.7889,Sales
6.26935,13.2871,Sales
2.4509,7.92003,Sales
4.35391,11.9425,Sales
3.76186,8.40911,Sales
4.53955,13.1109,Sales
7.47741,9.35056,Sales
4.62119,12.2584,Sales
3.55252,7.43373,Sales
6.11383,13.4802,Sales
7.99659,10.7749,Sales
4.29608,11.4163,Sales
2.99171,8.52996,Sales
4.90948,10.6808,Sales
7.53362,13.024,Sales
6.20772,11.8007,Sales
7.74307,11.1495,Sales
8.3409,8.76532,Sales
7.28877,8.37287,Sales
6.1576,8.46164,Sales
5.89108,12.0693,Sales
2.95566,10.2972,Sales
8.36874,7.67119,Sales
5.3872,13.508,Sales
3.79869,11.7858,Sales
6.4446,7.62409,Sales
4.5431,11.3047,Sales
6.0545,8.51382,Sales
5.97817,7.77307,Sales
5.79078,13.7555,Sales
7.52049,8.09547,Sales
4.08276,8.21228,Sales
5.75675,13.2914,Sales
6.01937,10.8123,Sales
6.95007,12.341,Sales
7.77758,13.2447,Sales
5.28421,11.9653,Sales
6.3374,7.78281,Sales
3.6122,10.1953,Sales
8.02175,7.35803,Sales
4.71878,7.51518,Sales
7.26415,11.5846,Sales
2.66512,8.75505,Sales
4.16208,12.1766,Sales
5.61153,9.89364,Sales
7.70355,7.45195,Sales
5.75735,9.02168,Sales
8.45979,11.4514,Sales
6.10917,14.5511,Sales
6.09696,14.0794,Sales
3.23164,8.44856,Sales
7.23602,7.35476,Sales
4.03765,8.78511,Sales
7.95749,8.576,Sales
7.97267,8.10298,Sales
8.17727,8.17798,Sales
5.66598,8.58125,Sales
7.29173,14.6836,Sales
7.20762,8.4118,Sales
3.83789,13.2921,Sales
6.11046,8.19212,Sales
2.70467,8.35206,Sales
5.54384,8.71442,Sales
3.53117,9.23592,Sales
3.73913,9.58073,Sales
5.04009,11.3863,Sales
5.47534,11.6393,Sales
6.80282,13.2154,Sales
3.36141,12.0806,Sales
6.21379,14.4109,Sales
3.55496,7.9394,Sales
6.29836,11.3504,Sales
6.9012,13.3269,Sales
6.22732,11.6498,Sales
7.07255,9.38316,Sales
4.64814,9.45955,Sales
6.99982,7.27069,Sales
5.16518,8.82991,Sales
5.32919,7.5102,Sales
6.89579,12.6966,Sales
2.77524,9.85396,Sales
7.12428,14.4326,Sales
6.62104,11.8288,Sales
4.36359,8.29938,Sales
3.47984,12.5285,Sales
3.56063,12.976,Sales
7.94918,7.21734,Sales
7.06483,11.9789,Sales
3.76269,12.828,Sales
4.86822,10.2922,Sales
6.74026,14.3211,Sales
7.50646,7.99897,Sales
2.74662,8.22047,Sales
3.97603,8.79232,Sales
8.07929,10.2085,Sales
3.05616,12.8821,Sales
4.354,14.1099,Sales
8.22485,7.75167,Sales
6.18535,8.18945,Sales
4.69423,13.8947,Sales
3.15135,10.5945,Sales
2.67957,8.45819,Sales
4.16201,10.0251,Sales
7.76246,7.80638,Sales
5.55604,13.2641,Sales
6.93073,9.08342,Sales
8.05117,8.4038,Sales
5.78145,15.7208,Sales
3.92128,10.7658,Sales
5.78308,9.80441,Sales
7.99363,8.44063,Sales
7.58186,10.3739,Sales
2.87673,8.18606,Sales
6.64401,8.01244,Sales
6.21502,10.7132,Sales
7.92578,7.86372,Sales
3.48793,10.6064,Sales
5.70715,8.20112,Sales
7.78872,8.15268,Sales
5.19462,10.3316,Sales
5.42205,8.46501,Sales
2.9189,8.31381,Sales
4.73558,13.3711,Sales
5.04143,13.6028,Sales
8.24976,8.73179,Sales
4.73117,13.0855,Sales
5.57391,10.9805,Sales
7.10276,13.2977,Sales
3.62659,9.69559,Sales
5.88949,12.4301,Sales
6.97354,8.47883,Sales
7.67274,7.79443,Sales
6.79681,12.9935,Sales
6.83469,11.0074,Sales
3.33845,9.05435,Sales
8.2194,8.42296,Sales
3.62279,11.2714,Sales
7.46315,10.9205,Sales
4.25193,9.74299,Sales
8.65009,12.9617,Sales
6.91425,8.95541,Sales
7.05367,8.36943,Sales
4.36521,13.2506,Sales
5.65222,12.6546,Sales
6.29555,8.94135,Sales
7.51801,11.6698,Sales
3.66066,13.1682,Sales
8.36727,8.85178,Sales
8.33329,12.4688,Sales
4.63682,12.9062,Sales
7.37661,7.52694,Sales
6.17726,13.2865,Sales
5.67249,11.8167,Sales
4.49193,9.20498,Sales
6.60743,13.7517,Sales
7.59038,14.5007,Sales
4.88557,7.50064,Sales
6.40452,9.30187,Sales
6.76565,8.74068,Sales
6.74082,7.8751,Sales
2.83183,8.53582,Sales
7.75535,8.92437,Sales
5.96943,14.6824,Sales
4.13534,8.82416,Sales
3.85561,7.42959,Sales
6.04912,14.0532,Sales
8.26329,12.0231,Sales
5.20811,12.1753,Sales
7.02846,8.36479,Sales
3.31676,10.4613,Sales
5.51294,9.60584,Sales
8.43946,7.90722,Sales
7.6741,13.0493,Sales
3.71346,7.84865,Sales
5.53848,8.45548,Sales
3.91084,8.36923,Sales
4.90339,7.73559,Sales
7.21378,8.38191,Sales
7.82547,14.3689,Sales
4.0155,9.61153,Sales
8.00322,7.75812,Sales
6.10122,8.56504,Sales
5.48705,14.6001,Sales
5.92092,11.8705,Sales
6.2765,9.46278,Sales
6.50949,14.0164,Sales
5.50474,8.96935,Sales
5.77721,10.4142,Sales
3.60176,8.69843,Sales
7.38916,8.18509,Sales
5.96058,10.062,Sales
3.619,11.3185,Sales
7.05669,7.7254,Sales
8.24583,9.38583,Sales
8.27911,8.87721,Sales
4.68624,7.98585,Sales
3.24287,7.69213,Sales
6.37589,15.07,Sales
3.16567,8.24289,Sales
8.2158,9.03165,Sales
3.53322,7.69184,Sales
4.09702,9.00402,Sales
4.92765,8.11296,Sales
5.05753,10.5582,Sales
7.23338,7.76561,Sales
5.17182,7.60914,Sales
3.88455,11.5504,Sales
4.07534,8.02349,Sales
5.79071,10.3084,Sales
3.51576,9.49903,Sales
6.46023,10.7583,Sales
6.30628,11.869,Sales
6.9149,9.24718,Sales
8.10682,7.8487,Sales
8.2633,10.6409,Sales
8.50528,10.9796,Sales
3.95326,8.14792,Sales
3.21845,7.68721,Sales
5.13007,15.6093,Sales
7.92528,8.5323,Sales
8.39874,8.60822,Sales
7.63536,7.86748,Sales
3.23727,9.02824,Sales
8.34644,9.47652,Sales
5.43605,11.7794,Sales
2.64198,9.14658,Sales
5.52439,11.5393,Sales
3.3237,13.2833,Sales
6.00788,10.3726,Sales
4.49114,7.88641,Sales
5.69138,11.3544,Sales
6.64792,12.3651,Sales
8.0188,10.8031,Sales
6.78198,10.922,Sales
5.12655,8.41253,Sales
7.59584,9.68115,Sales
8.21873,10.6025,Sales
3.1332,7.56187,Sales
5.99858,10.9384,Sales
4.24343,8.59552,Sales
2.85704,9.02942,Sales
6.46596,7.71643,Sales
7.65531,7.85961,Sales
4.02121,13.208,Sales
7.61882,10.2694,Sales
8.1399,12.7307,Sales
8.36921,11.4806,Sales
4.18953,9.15586,Sales
8.0823,9.46322,Sales
4.52816,9.19239,Sales
6.49098,14.2605,Sales
2.84795,8.7602,Sales
3.3269,13.431,Sales
7.2841,12.2616,Sales
6.11967,16.7834,Sales
4.04663,8.35876,Sales
3.55613,7.52645,Sales
6.8171,10.8002,Sales
2.48642,8.23094,Sales
7.82455,12.4756,Sales
2.98402,8.42195,Sales
4.08212,12.2018,Sales
4.98468,9.73549,Sales
5.85847,12.2371,Sales
5.17303,13.1294,Sales
4.42905,8.29776,Sales
8.25517,7.75864,Sales
6.37779,8.3892,Sales
2.62562,8.23139,Sales
5.3779,10.8853,Sales
8.1007,11.2027,Sales
4.50811,10.0563,Sales
2.995,7.68854,Sales
7.02528,7.86536,Sales
6.1641,8.39986,Sales
5.94605,8.37874,Sales
3.21053,11.8565,Sales
4.03413,14.5425,Sales
6.23832,8.16879,Sales
3.96948,10.2999,Sales
6.20133,14.2782,Sales
5.99804,10.2294,Sales
4.16336,7.92952,Sales
8.1039,7.2395,Sales
7.59636,8.43329,Sales
7.3499,12.745,Sales
3.33881,11.6834,Sales
3.15179,8.47033,Sales
5.69558,10.3402,Sales
3.63569,9.85739,Sales
8.67013,10.713,Sales
3.88334,12.2056,Sales
5.91518,12.6056,Sales
4.70463,8.4176,Sales
6.93895,13.5589,Sales
3.60275,11.2834,Sales
5.17701,9.06965,Sales
4.55036,11.8912,Sales
7.81756,7.96153,Sales
2.66725,7.67339,Sales
8.0621,8.74997,Sales
7.52414,8.29817,Sales
4.45184,9.76118,Sales
7.2374,8.09389,Sales
2.62649,7.81619,Sales
8.23318,7.4003,Sales
5.77649,9.22978,Sales
4.32676,8.32496,Sales
5.0369,11.4916,Sales
2.90291,8.3904,Sales
8.37681,7.47041,Sales
2.84067,9.30457,Sales
6.88881,12.2637,Sales
6.06521,16.3881,Sales
8.16664,7.77744,Sales
3.88367,7.4518,Sales
6.23985,13.1014,Sales
5.41936,8.4211,Sales
6.62166,7.25155,Sales
2.82954,7.64278,Sales
4.06489,11.9218,Sales
3.81269,8.52227,Sales
7.43777,12.678,Sales
4.32377,14.5045,Sales
6.44987,12.7403,Sales
4.23127,12.2526,Sales
7.78726,9.10944,Sales
8.3105,9.43816,Sales
5.94297,11.1687,Sales
5.37503,15.0935,Sales
4.03272,9.4426,Sales
3.02656,10.4072,Sales
4.38603,10.7496,Sales
6.71776,10.7608,Sales
6.16793,12.371,Sales
8.47384,10.8073,Sales
5.31392,12.1527,Sales
6.72676,8.68704,Sales
5.70423,10.6061,Sales
6.5038,16.5379,Sales
4.54029,12.1774,Sales
5.7818,13.1733,Sales
5.37702,8.66926,Sales
7.01782,10.6117,Sales
8.32555,9.65766,Sales
5.09115,13.7885,Sales
2.70177,7.89625,Sales
6.15064,14.2448,Sales
6.03758,10.6081,Sales
3.58448,8.97636,Sales
7.03787,7.86557,Sales
8.49941,8.81418,Sales
8.14322,7.73745,Sales
3.60627,7.61377,Sales
7.75456,8.06816,Sales
7.3051,13.3141,Sales
5.37906,9.60862,Sales
5.91633,9.72624,Sales
7.65338,8.55843,Sales
5.787,11.8506,Sales
5.22066,12.5678,Sales
5.85689,11.7667,Sales
6.7314,14.9674,Sales
3.93719,11.0286,Sales
7.9289,8.24824,Sales
6.50218,7.73566,Sales
6.37129,8.7826,Sales
3.14893,8.80529,Sales
6.67126,13.0644,Sales
3.52674,11.0385,Sales
2.9096,7.78221,Sales
5.59325,7.5417,Sales
4.9647,8.65582,Sales
6.24516,10.0649,Sales
3.0919,8.8506,Sales
5.56596,12.5339,Sales
3.57783,8.57145,Sales
8.55342,9.18219,Sales
6.3623,12.6231,Sales
6.54803,7.42786,Sales
4.5944,9.52998,Sales
3.72688,14.2655,Sales
8.26867,7.23002,Sales
4.44166,10.2846,Sales
4.99745,7.8075,Sales
6.67631,10.6254,Sales
2.67377,8.59605,Sales
7.83808,12.3598,Sales
6.13229,11.8892,Sales
4.47257,11,Sales
3.10612,10.4802,Sales
3.63478,9.75212,Sales
7.87358,8.06979,Sales
7.29602,14.2366,Sales
4.72788,14.8375,Sales
2.92886,8.6677,Sales
7.41011,15.0137,Sales
6.38887,12.2501,Sales
5.22728,10.9248,Sales
4.83948,9.65894,Sales
3.7671,7.98966,Sales
6.46491,7.64911,Sales
8.4232,8.90373,Sales
3.61751,8.87806,Sales
6.30605,10.1612,Sales
5.27981,10.3282,Sales
6.0326,15.8797,Sales
4.22858,10.113,Sales
7.41429,7.73688,Sales
5.49199,8.91718,Sales
5.72601,7.86141,Sales
4.95769,13.9228,Sales
3.83063,10.4649,Sales
3.3206,11.089,Sales
6.79752,8.22244,Sales
3.95438,10.7942,Sales
6.61059,7.84744,Sales
4.93223,9.03831,Sales
5.05199,8.73518,Sales
5.25338,7.64389,Sales
4.76271,8.74522,Sales
3.19048,9.11813,Sales
5.09743,14.9157,Sales
6.53722,8.61946,Sales
6.47288,7.92893,Sales
4.28041,8.83521,Sales
5.70325,12.1862,Sales
3.66538,8.34473,Sales
4.186,12.11,Sales
3.1168,12.6731,Sales
7.78966,7.22133,Sales
3.75267,8.19189,Sales
3.85055,8.15782,Sales
4.46973,10.8993,Sales
3.22258,7.95039,Sales
6.26999,7.54497,Sales
3.03916,9.14152,Sales
3.83221,13.0676,Sales
6.60892,10.2967,Sales
4.61349,8.92738,Sales
7.16884,11.8999,Sales
6.06731,10.1708,Sales
4.64471,13.7563,Sales
6.36399,7.76215,Sales
3.48262,10.8962,Sales
6.32574,13.6394,Sales
5.18177,8.74097,Sales
4.70835,13.6845,Sales
6.30019,9.73398,Sales
8.09903,11.3875,Sales
8.50041,8.0632,Sales
6.70598,13.1817,Sales
4.97161,8.61361,Sales
4.28391,12.1845,Sales
4.09288,8.7313,Sales
6.18315,15.453,Sales
5.41647,14.6525,Sales
7.9817,8.02159,Sales
5.26952,13.2746,Sales
5.36507,13.8546,Sales
5.0835,10.7718,Sales
7.42382,7.19813,Sales
6.5533,9.46806,Sales
6.35756,9.69765,Sales
4.54262,8.58956,Sales
7.36706,7.705,Sales
2.70189,8.10601,Sales
7.81302,8.84262,Sales
5.57278,8.14925,Sales
5.75318,15.9987,Sales
5.84688,11.4635,Sales
6.59158,8.90852,Sales
2.63422,8.88887,Sales
8.0558,10.9866,Sales
6.03293,15.8799,Sales
4.59672,8.59667,Sales
3.24811,7.5909,Sales
6.02942,16.2439,Sales
6.34757,16.0156,Sales
5.38278,12.3717,Sales
6.99853,11.9596,Sales
4.97526,7.76611,Sales
8.23298,7.69473,Sales
6.18287,8.93514,Sales
7.41193,8.67575,Sales
3.57829,12.1334,Sales
4.82735,7.71844,Sales
4.68905,9.76036,Sales
6.58869,14.2076,Sales
7.62819,7.70568,Sales
3.13842,9.86113,Sales
3.40493,12.5731,Sales
7.62466,8.26088,Sales
3.79042,8.41506,Sales
6.46619,7.70729,Sales
5.99166,10.2809,Sales
7.53131,8.36819,Sales
3.22318,8.08195,Sales
3.93796,14.2597,Sales
5.76315,7.46636,Sales
8.43416,10.3231,Sales
5.08455,9.07046,Sales
4.81247,11.4098,Sales
6.87103,14.7255,Sales
8.05325,7.76107,Sales
7.42316,7.17547,Sales
8.53263,8.53928,Sales
2.91016,10.8393,Sales
3.59231,12.0691,Sales
6.35077,9.8921,Sales
7.36395,7.5317,Sales
4.94859,14.9022,Sales
4.63893,14.6182,Sales
4.70373,13.7791,HR
6.9748,11.2403,HR
7.82882,13.2445,HR
5.53552,19.0127,HR
3.77625,17.9017,HR
8.10374,8.08882,HR
5.00131,12.1176,HR
4.29762,18.7636,HR
5.99544,13.0892,HR
7.17085,8.62725,HR
4.13623,11.049,HR
5.09733,17.0974,HR
4.23782,10.8177,HR
8.71561,10.3933,HR
4.18912,12.8433,HR
6.63283,14.2765,HR
8.03527,7.8812,HR
4.16159,15.3418,HR
8.65514,10.9811,HR
8.12518,7.48257,HR
8.11155,10.7804,HR
4.70395,16.544,HR
6.70525,11.7455,HR
7.14417,8.79909,HR
8.51441,8.88938,HR
4.64821,17.8983,HR
7.1966,8.99174,HR
5.28646,15.0309,HR
4.3949,15.8794,HR
5.20315,9.791,HR
7.28105,8.23959,HR
5.34629,8.71538,HR
5.82825,9.10145,HR
8.74374,10.4569,HR
6.08439,18.9329,HR
6.26562,8.80318,HR
6.08716,20.7993,HR
5.41589,13.2603,HR
7.4644,15.2292,HR
8.15301,8.25449,HR
6.43282,14.2796,HR
7.15359,8.47553,HR
3.5201,12.7053,HR
3.71613,7.83841,HR
6.21687,14.5234,HR
3.3856,15.2573,HR
5.19939,18.9206,HR
5.60665,8.20116,HR
3.97014,20.7927,HR
4.29722,10.1653,HR
5.50257,7.44775,HR
6.1419,9.98709,HR
7.99446,7.4874,HR
6.44799,8.81623,HR
6.06117,17.8742,HR
8.0056,7.33751,HR
7.12118,7.28756,HR
5.10307,20.9272,HR
3.58438,11.0198,HR
7.40299,15.7547,HR
7.07907,19.143,HR
7.20618,7.79213,HR
6.91738,7.95888,HR
6.32985,8.84775,HR
8.54678,9.16152,HR
6.23786,13.0018,HR
4.45565,19.8257,HR
7.90935,12.0218,HR
4.18508,9.84621,HR
7.72139,13.1017,HR
8.42885,9.69193,HR
7.04835,11.4219,HR
7.02677,16.7068,HR
6.0076,14.9099,HR
4.87186,9.907,HR
5.17556,13.2604,HR
6.46221,9.43209,HR
6.96343,7.69543,HR
7.23682,14.112,HR
3.99361,11.0289,HR
6.26132,15.3663,HR
7.3896,9.33598,HR
5.2765,7.49708,HR
6.76857,17.6132,HR
7.87877,14.8534,HR
6.86724,11.7239,HR
5.08965,9.42373,HR
7.88315,8.13529,HR
4.23931,15.1892,HR
8.43503,7.65906,HR
4.10431,16.3512,HR
4.46881,25.2814,HR
7.98029,9.30283,HR
5.34423,20.6537,HR
7.08857,9.99467,HR
7.35493,7.97038,HR
8.09663,12.0373,HR
8.51081,8.55438,HR
5.42635,18.7237,HR
6.67299,7.31243,HR
3.347,9.72311,HR
6.14233,19.0357,HR
7.66281,8.73185,HR
5.90154,18.9974,HR
7.01444,16.8642,HR
5.59272,8.81681,HR
6.49267,9.1854,HR
8.42877,8.83279,HR
3.94482,18.3478,HR
6.75402,15.452,HR
7.72424,8.46596,HR
6.09938,14.5942,HR
4.35185,20.7717,HR
5.91263,8.60933,HR
5.59318,18.1571,HR
4.60769,18.9193,HR
8.22919,13.7715,HR
5.78572,9.58455,HR
8.18704,8.81141,HR
7.45336,9.12811,HR
6.60755,7.66265,HR
4.24552,23.8114,HR
5.16591,9.10527,HR
4.94237,19.618,HR
7.9777,8.14964,HR
4.15351,13.7635,HR
4.27332,8.78038,HR
6.16957,13.2982,HR
4.99958,16.5508,HR
4.40848,14.1399,HR
6.89128,15.3205,HR
3.6487,13.8778,HR
3.72549,16.2415,HR
5.52508,15.3599,HR
6.87204,8.53719,HR
6.74397,16.4031,HR
5.43077,11.758,HR
5.87312,7.97031,HR
5.00026,11.0059,HR
8.04932,7.4159,HR
4.01831,19.0543,HR
7.07701,12.9524,HR
7.86139,8.16405,HR
7.35755,8.38174,HR
4.94265,20.3517,HR
4.36112,9.03405,HR
7.5155,14.525,HR
3.36251,11.5554,HR
7.98961,13.6365,HR
6.75533,7.58239,HR
7.08291,9.94884,HR
3.45673,11.5349,HR
6.83443,8.35663,HR
6.55373,7.89346,HR
7.52948,8.45893,HR
3.39714,14.1875,HR
3.66759,17.6267,HR
5.39691,14.1649,HR
4.85708,21.4984,HR
6.29574,12.1745,HR
8.07406,8.66068,HR
5.27156,12.0323,HR
7.60079,8.33791,HR
3.42752,16.7096,HR
4.69866,19,HR
3.27864,13.7285,HR
4.39454,7.58282,HR
8.09113,9.31239,HR
3.72021,14.0851,HR
6.84152,14.4751,HR
6.15687,16.7367,HR
8.10838,7.82123,HR
3.51532,10.8509,HR
4.6336,16.0484,HR
3.85107,18.9282,HR
5.31929,10.1534,HR
5.14038,17.0313,HR
7.84067,9.13991,HR
6.23836,9.12659,HR
6.177,8.07686,HR
6.53164,15.7371,HR
3.57636,13.0679,HR
6.27397,18.1428,HR
8.45655,7.63586,HR
7.6652,9.4462,HR
8.34196,12.3708,HR
7.99056,13.0271,HR
3.88504,15.2375,HR
4.25671,11.8179,HR
3.86751,20.5129,HR
5.04207,14.7503,HR
3.43027,10.8419,HR
6.33711,17.2008,HR
6.50556,7.60627,HR
7.68343,7.47463,HR
6.97492,7.91056,HR
8.13527,8.05682,HR
4.01141,19.047,HR
3.12643,13.3506,HR
6.423,7.72175,HR
4.7186,12.6089,HR
5.19211,18.8199,HR
4.47771,8.18237,HR
5.58786,21.4956,HR
5.6237,8.67897,HR
6.35069,19.0981,HR
5.49654,7.48053,HR
7.17839,13.9017,HR
4.8301,8.29568,HR
4.25322,10.4891,HR
4.89649,20.9063,HR
5.87391,19.7375,HR
6.87737,7.4356,HR
7.47091,11.9674,HR
6.82266,11.016,HR
5.19571,19.9111,HR
6.02303,8.10504,HR
6.33626,11.8701,HR
5.7386,11.1904,HR
5.82357,8.38199,HR
6.60018,18.5355,HR
5.80832,7.40315,HR
6.88286,8.91513,HR
4.36487,19.1978,HR
7.31645,10.9621,HR
3.88126,13.4175,HR
3.73345,15.8532,HR
8.74435,11.4998,HR
8.29735,8.51469,HR
4.20217,20.4083,HR
6.00749,15.8405,HR
4.43992,15.7072,HR
6.47417,17.7519,HR
7.92549,12.0635,HR
8.25253,8.45828,HR
6.56387,10.4623,HR
5.62405,17.2478,HR
6.52903,11.8305,HR
5.62801,19.562,HR
7.90179,7.51941,HR
7.74712,8.2711,HR
5.89246,8.55326,HR
4.38628,7.69059,HR
4.22532,7.94979,HR
4.38094,23.4864,HR
7.88559,12.4851,HR
6.02924,15.6485,HR
5.4904,17.6095,HR
6.22259,16.2617,HR
7.322,7.25411,HR
4.59052,20.4138,HR
7.65658,8.14921,HR
8.46335,13.2431,HR
8.32099,9.28662,HR
5.15982,10.7,HR
4.81035,17.3611,HR
5.22743,12.6052,HR
4.53516,8.58935,HR
4.61621,17.8425,HR
6.10974,7.84253,HR
5.45641,9.06629,HR
8.43028,14.675,HR
3.8,18.3291,HR
7.1425,15.1471,HR
7.46688,11.5916,HR
7.10898,8.55871,HR
7.84905,8.33615,HR
7.21642,11.1815,HR
8.78014,14.4466,HR
4.75473,10.5794,HR
6.57226,17.6633,HR
4.34225,24.1896,HR
3.79074,19.6134,HR
5.14115,19.0885,HR
3.92421,15.7115,HR
5.48125,21.0573,HR
4.76129,19.0998,HR
2.99011,11.2352,HR
8.42873,12.2901,HR
3.78141,19.4606,HR
6.83624,7.37672,HR
4.45699,17.7149,HR
7.99277,8.20747,HR
7.92843,8.68509,HR
7.11966,14.3961,HR
6.47287,7.57812,HR
3.30673,15.3452,HR
8.32212,7.22169,HR
7.80814,8.41611,HR
8.14719,10.5283,HR
7.02944,13.2936,HR
5.91359,20.3495,HR
8.16588,10.7758,HR
4.53629,10.8504,HR
6.82244,16.6795,HR
4.39309,19.99,HR
7.98394,7.59914,HR
4.24907,16.4622,HR
5.30462,21.3878,HR
6.43622,13.4524,HR
7.01324,7.44658,HR
6.8863,14.1744,HR
3.86405,8.02915,HR
3.36521,16.1106,HR
7.14867,9.04292,HR
8.34318,7.39294,HR
7.41097,8.53469,HR
5.21648,7.79957,HR
8.18218,10.3723,HR
5.79753,15.7673,HR
6.81839,18.6972,HR
5.64708,10.7548,HR
5.62318,12.144,HR
7.96334,15.3941,HR
5.64221,8.0118,HR
5.35678,16.8645,HR
5.2925,19.4702,HR
3.24046,12.9867,HR
6.87278,16.0188,HR
5.07608,19.0556,HR
3.46775,9.03001,HR
6.38438,7.78243,HR
6.6167,8.38451,HR
7.09724,8.85171,HR
5.73858,10.1403,HR
7.9648,8.94399,HR
8.08819,7.75504,HR
7.95926,13.6076,HR
6.45629,9.42121,HR
4.47087,9.59801,HR
8.34893,7.56771,HR
4.95038,15.5223,HR
4.24222,13.0355,HR
5.36485,10.1165,HR
3.29335,12.4244,HR
8.73071,11.2457,HR
7.03964,17.2357,HR
5.75359,7.37302,HR
6.44103,8.18537,HR
6.13118,14.0299,HR
4.1457,21.4429,HR
6.17903,8.19186,HR
7.65902,15.8642,HR
5.55936,13.2485,HR
7.10505,8.64252,HR
4.8066,16.7912,HR
5.30795,21.6147,HR
4.85871,20.8264,HR
4.66222,7.60772,HR
7.51686,7.47046,HR
7.4512,7.91806,HR
5.33578,13.0809,HR
6.56255,12.9046,HR
7.66427,15.6591,HR
5.25216,20.0288,HR
5.08374,22.4859,HR
8.2544,7.30686,HR
6.97624,15.0814,HR
8.5953,9.86825,HR
4.81349,10.831,HR
7.23039,12.7211,HR
4.1726,11.3244,HR
5.17206,18.2208,HR
6.00816,12.1138,HR
4.59352,9.83742,HR
4.62808,18.4133,HR
5.04599,16.9948,HR
3.30451,13.6718,HR
6.65319,7.45071,HR
5.76141,10.9688,HR
4.16476,18.2333,HR
4.93828,20.9837,HR
4.7233,22.8094,HR
6.52421,11.2831,HR
4.50319,21.281,HR
7.10564,8.81164,HR
4.05032,21.2126,HR
4.45235,12.3863,HR
7.83608,7.96973,HR
7.2919,12.4319,HR
3.24771,11.1367,HR
7.59432,9.57516,HR
6.52838,17.8216,HR
7.55166,7.79614,HR
6.32021,10.0917,HR
7.34172,14.8758,HR
8.63828,9.59786,HR
4.36771,12.5512,HR
6.18992,7.65723,HR
6.13576,16.0669,HR
3.83485,18.2434,HR
3.08846,12.8843,HR
3.75076,13.1488,HR
7.25881,15.9099,HR
6.54582,13.9479,HR
6.94776,18.3121,HR
4.01332,20.2626,HR
6.2853,16.9244,HR
8.09198,8.42649,HR
5.99931,18.2498,HR
6.32488,8.81877,HR
7.66473,12.4549,HR
7.25136,8.51132,HR
5.78803,9.73144,HR
8.12267,12.3279,HR
5.80721,16.8587,HR
7.89127,8.5737,HR
4.78677,15.8936,HR
4.61279,12.1533,HR
3.78868,17.0847,HR
7.63389,11.3202,HR
5.09799,9.07949,HR
5.31034,21.2098,HR
4.20899,11.1523,HR
8.11667,9.91142,HR
7.73323,10.1299,HR
6.06176,10.3326,HR
6.19046,8.08812,HR
6.28531,16.6513,HR
5.72863,16.1358,HR
8.00368,8.12909,HR
4.27095,17.4834,HR
5.00504,8.16731,HR
4.60725,8.60465,HR
5.87289,11.6441,HR
5.15094,7.34974,HR
6.59046,16.9745,HR
4.55378,19.2509,HR
6.70929,18.3565,HR
4.91973,16.9711,HR
5.25236,23.1232,HR
4.05237,18.821,HR
7.18437,9.06508,HR
6.19261,18.3663,HR
6.63439,11.5108,HR
6.79502,7.46733,HR
6.982,11.7752,HR
6.36322,17.5605,HR
5.88666,17.763,HR
5.46054,14.5771,HR
6.87207,12.921,HR
6.53161,17.7551,HR
7.63965,8.46028,HR
7.88751,9.3007,HR
4.01353,12.7226,HR
4.44261,18.4508,HR
6.71539,12.0354,HR
4.47087,9.73372,HR
3.1378,13.1055,HR
7.91633,8.80199,HR
4.07967,10.2543,HR
8.05462,7.83696,HR
7.41149,13.5679,HR
7.00219,7.42547,HR
4.37125,14.2618,HR
5.44894,22.1811,HR
5.74568,9.24214,HR
4.0881,13.3099,HR
5.30361,16.9997,HR
5.45256,17.4685,HR
4.96358,21.8674,HR
5.10803,20.6905,HR
7.79817,13.181,HR
3.98811,12.6767,HR
2.90526,10.475,HR
6.24784,7.88441,HR
8.42597,8.63962,HR
5.46436,17.0445,HR
4.42459,19.2444,HR
5.89659,7.92945,HR
8.34062,11.6575,HR
7.15584,7.64418,HR
6.33652,9.05439,HR
5.42078,17.5308,HR
5.97105,10.1497,HR
3.92241,16.2152,HR
6.64925,8.80058,HR
6.8769,8.34002,HR
8.47628,9.68791,HR
5.52281,21.4212,HR
3.59981,17.2697,HR
5.97881,10.0168,HR
7.19586,12.206,HR
7.90872,14.0751,HR
3.98906,11.242,HR
4.62625,13.2785,HR
6.45077,16.0598,HR
5.32416,15.816,HR
7.74447,8.78496,HR
5.96494,13.7988,HR
7.27188,7.8448,HR
6.33011,11.2748,HR
7.33183,9.8247,HR
5.52381,17.5002,HR
7.46591,7.85993,HR
4.5599,11.9842,HR
5.79672,8.35138,HR
5.11632,20.2852,HR
5.28817,7.61177,HR
5.11592,14.6175,HR
4.39593,10.9364,HR
8.56055,10.3401,HR
4.36661,16.4704,HR
7.27331,8.52394,HR
8.32699,7.30392,HR
4.2945,23.4434,HR
6.83759,9.4037,HR
5.11913,18.1951,HR
4.19711,21.4474,HR
6.09166,18.7928,HR
8.13404,8.22891,HR
4.46691,25.4375,HR
6.11835,8.97387,HR
5.68926,9.81493,HR
8.36771,13.6941,HR
3.6574,14.224,HR
6.54895,7.75761,HR
6.66334,8.86405,HR
6.83579,11.0159,HR
8.24454,8.83641,HR
7.78904,11.221,HR
4.39322,23.1317,HR
6.04065,14.6257,HR
4.88372,8.18978,HR
5.77285,20.9664,HR
5.39463,9.88522,HR
5.08572,10.7559,HR
5.05514,7.86313,HR
8.36935,7.95174,HR
3.27328,10.5151,HR
8.08668,8.50885,HR
5.63181,10.4485,HR
6.19782,7.7394,HR
7.62348,9.34513,HR
5.68698,17.4577,HR
5.92057,15.756,HR
5.18222,10.2474,HR
5.06564,11.0897,HR
8.62349,13.1607,HR
7.52373,8.51547,HR
4.66104,21.8975,HR
3.62566,12.6267,HR
6.14868,17.9477,HR
3.90546,15.6597,HR
6.43026,10.0842,HR
4.59411,19.4088,HR
6.08407,12.2276,HR
3.2801,15.0033,HR
5.12405,14.7765,HR
6.95737,11.6691,HR
5.46574,8.74707,HR
8.32659,7.62087,HR
7.68449,7.50604,HR
4.64405,8.14698,HR
3.92456,18.7227,HR
7.61977,8.47203,HR
8.03171,8.61199,HR
7.40189,7.87043,HR
4.45884,19.0473,HR
8.42935,7.47755,HR
4.17395,9.38002,HR
6.7727,7.45068,HR
8.43697,12.4333,HR
4.01981,9.23784,HR
8.05855,9.01541,HR
4.51264,9.6607,HR
8.3778,8.18275,HR
4.78213,13.6207,HR
8.31645,8.88001,HR
4.47151,23.2071,HR
7.6104,15.802,HR
6.52373,15.6551,HR
5.8933,12.9302,HR
4.62202,15.3206,HR
6.79994,8.70765,HR
5.12158,21.5939,HR
6.40022,13.4162,HR
4.81601,15.4489,HR
8.22654,7.95193,HR
3.0795,12.0336,HR
5.09073,20.8313,HR
4.39204,12.2277,HR
5.49093,12.7784,HR
4.29202,11.8485,HR
6.45255,17.2309,HR
7.74675,8.15545,HR
7.48357,14.5086,HR
5.94288,7.82551,HR
4.57695,22.228,HR
7.1858,12.8113,HR
3.88047,11.7505,HR
7.39096,9.63495,HR
4.50347,12.8094,HR
5.02176,8.3938,HR
5.76561,18.7086,HR
7.59387,7.52179,HR
3.97875,14.8029,HR
5.88159,8.05233,HR
4.09272,14.9849,HR
7.45049,14.6062,HR
7.93206,8.04995,HR
6.15984,17.6818,HR
6.42975,17.2028,HR
8.0626,8.0098,HR
5.54725,7.47132,HR
6.38866,16.8597,HR
6.01683,8.57979,HR
6.64455,8.19904,HR
3.78528,14.1307,HR
7.48174,8.56279,HR
6.05763,16.7131,HR
3.32338,11.8515,HR
7.30813,8.89948,HR
5.8673,18.1841,HR
4.54115,21.2879,HR
6.78586,12.486,HR
8.09108,10.8376,HR
7.85126,8.26475,HR
8.464,9.97806,HR
7.73133,8.27548,HR
3.14691,14.0808,HR
5.67813,16.3026,HR
7.47341,8.62743,HR
6.11227,20.9704,HR
6.27501,9.64089,HR
7.09943,16.8014,HR
5.82746,18.4739,HR
7.86117,7.44474,HR
6.48713,16.8962,HR
5.53489,10.4164,HR
8.96819,12.3489,HR
6.05424,13.529,HR
4.88057,20.0997,HR
6.08111,12.7068,HR
7.48343,8.96374,HR
7.218,8.59524,HR
7.30816,8.7693,HR
7.37324,13.7354,HR
4.98923,16.9549,HR
7.95028,10.5517,HR
7.84938,7.93841,HR
4.40065,14.9238,HR
3.47929,10.0951,HR
8.66058,10.7717,HR
8.29971,13.3573,HR
7.86482,8.08868,HR
7.82745,8.12537,HR
5.73385,8.02547,HR
6.8527,12.4012,HR
6.25787,12.5417,HR
4.15531,20.4884,HR
6.9199,7.61734,HR
6.41697,16.1503,HR
6.96218,13.3154,HR
5.60364,8.97673,HR
5.87244,11.9847,HR
3.9133,11.7537,HR
4.73853,13.3668,HR
4.89337,21.2777,HR
4.38369,14.6888,HR
8.70287,11.2952,HR
4.50967,18.1365,HR
4.24882,9.47281,HR
6.28608,10.3364,HR
6.40032,10.2995,HR
4.32064,16.3884,HR
7.30331,8.44638,HR
7.33326,9.17897,HR
4.02617,9.20639,HR
4.14889,7.51878,HR
8.20949,8.75734,HR
7.39513,7.53531,HR
7.4806,15.2577,HR
3.89717,16.4781,HR
6.01487,17.2657,HR
6.27581,11.9453,HR
4.66766,17.6935,HR
5.22697,8.54538,HR
7.09312,17.0323,HR
5.22669,15.1141,HR
7.79114,13.5314,HR
7.4691,7.39744,HR
4.55944,9.31368,HR
7.83081,10.7503,HR
3.20897,9.12377,HR
7.57664,8.51321,HR
3.8948,12.6224,HR
4.12444,18.4858,HR
7.47543,18.2574,HR
5.79162,12.338,HR
8.28237,11.0498,HR
5.29172,13.7521,HR
4.92189,14.5581,HR
6.50377,17.1815,HR
6.21304,17.0002,HR
5.69126,18.3681,HR
6.62184,7.74936,HR
7.28182,10.1102,HR
7.57981,7.71231,HR
7.53837,17.2111,HR
3.80062,17.4254,HR
7.54622,17.2107,HR
3.74783,17.4287,HR
7.54782,17.2106,HR
3.78943,17.4261,HR
7.35591,13.1406,HR
5.92064,17.723,HR
6.60469,8.50084,HR
5.32705,7.93697,HR
8.75287,10.6144,HR
6.93829,8.68556,HR
8.27273,8.53789,HR
7.52432,8.19237,HR
7.99252,8.7124,HR
8.10492,14.5353,HR
5.30998,8.69805,HR
4.54215,13.0633,HR
4.94841,10.2745,HR
4.41161,24.4792,HR
6.61402,16.9091,HR
5.62416,9.02995,HR
5.72653,8.8533,HR
8.47743,9.20889,HR
7.88255,7.25768,HR
4.38738,16.5683,HR
4.66956,7.84306,HR
5.06787,8.4332,HR
5.61252,16.7837,HR
7.21808,7.41948,HR
6.54691,16.3026,HR
5.92659,8.10642,HR
7.69717,8.76695,HR
8.24057,16.2178,HR
4.01221,14.7959,HR
7.34278,13.1409,HR
5.06826,7.81253,HR
5.03726,15.1888,HR
4.22236,21.1564,HR
5.68116,10.5113,HR
5.82292,18.9545,HR
4.77695,15.1915,HR
6.63441,7.81194,HR
7.36958,10.3605,HR
4.84093,16.1329,HR
3.18957,11.8925,HR
7.59135,8.04621,HR
3.30572,15.085,HR
8.02366,7.13248,HR
7.07665,15.4381,HR
5.11994,14.4541,HR
5.52618,22.2084,HR
3.30455,15.1262,HR
4.6277,14.7206,HR
4.79397,21.5318,HR
6.55107,11.5481,HR
4.39695,16.3916,HR
5.74322,8.81977,HR
6.19289,9.5234,HR
4.71169,12.0742,HR
4.57425,25.1366,HR
3.50399,15.3853,HR
4.21211,22.3513,HR
7.12403,9.80139,HR
4.77945,11.5983,HR
7.36239,8.83765,HR
6.08445,17.1596,HR
6.34232,18.3241,HR
5.67753,9.08477,HR
6.70579,7.45599,HR
4.58846,12.2994,HR
3.42665,10.1035,HR
6.35217,12.8089,HR
5.55937,18.1299,HR
5.49015,11.2259,HR
7.02696,13.9399,HR
6.11226,14.0173,HR
6.35504,9.34274,HR
5.73736,7.9204,HR
7.19733,10.4246,HR
7.49609,14.9545,HR
6.30073,13.535,HR
6.54794,7.89108,HR
7.82151,8.76883,HR
5.00506,7.41575,HR
5.59863,13.8187,HR
7.39258,10.8524,HR
5.98623,8.07469,HR
4.26405,20.3905,HR
7.87747,8.26368,HR
4.01925,20.3745,HR
7.89683,16.2524,HR
7.11282,8.63095,HR
8.53382,10.8539,HR
3.25469,12.2237,HR
6.19695,9.19349,HR
6.15708,18.0249,HR
5.75819,19.7205,HR
3.96606,16.6585,HR
6.32061,12.1661,HR
6.02904,14.0886,HR
4.65694,22.1023,HR
6.1299,7.73998,HR
7.60871,14.2272,HR
7.13126,8.33562,HR
8.02251,8.84793,HR
5.27777,11.1099,HR
8.23761,8.19013,HR
8.21775,12.777,HR
5.22314,16.761,HR
4.86661,21.0135,HR
5.17002,8.73085,HR
5.95686,17.6335,HR
6.81354,15.8921,HR
6.60776,13.6232,HR
7.17222,9.64447,HR
5.93327,11.5492,HR
4.67869,22.2835,HR
8.25351,13.487,HR
4.41819,8.79522,HR
8.56336,10.1309,HR
3.74717,13.1909,HR
8.30378,8.5041,HR
4.53832,21.7711,HR
4.7146,15.7438,HR
4.31495,22.1768,HR
6.65769,7.45365,HR
7.6054,8.08859,HR
5.55086,12.2301,HR
8.15233,8.75758,HR
6.7558,14.5797,HR
6.35668,8.82848,HR
7.49141,7.32802,HR
4.26211,8.09548,HR
4.86427,10.3902,HR
8.32415,11.5312,HR
7.87348,7.74646,HR
8.39193,8.30615,HR
8.58367,14.0906,HR
4.36694,18.2516,HR
8.11005,14.0754,HR
4.95326,8.16939,HR
8.38754,7.48802,HR
6.36022,17.4367,HR
6.51688,14.412,HR
6.32198,13.9663,HR
5.37424,16.7487,HR
3.71547,15.2349,HR
7.92261,8.47743,HR
8.03462,14.5411,HR
4.44394,18.2837,HR
7.26436,9.01745,HR
6.961,14.4936,HR
5.22448,10.6482,HR
4.44401,12.0587,HR
8.23369,13.2305,HR
7.04663,11.2219,HR
6.19215,11.821,HR
6.10247,7.65193,HR
3.60033,13.3262,HR
5.93498,13.5204,HR
4.22225,13.3428,HR
5.02696,19.7868,HR
7.25936,15.2508,HR
8.28159,10.8597,HR
5.16973,10.4483,HR
4.79633,17.7456,HR
6.50929,9.18297,HR
7.70298,7.83106,HR
7.02594,8.41859,HR
7.71414,8.06359,HR
6.64407,16.4964,HR
7.06159,8.546,HR
3.8092,12.5418,HR
6.02712,21.1817,HR
4.92992,9.06258,HR
6.39453,15.6241,HR
8.0066,7.41589,HR
7.7906,8.4505,HR
4.83076,22.037,HR
3.75543,10.2785,HR
5.28682,14.0097,HR
4.45902,10.197,HR
6.14239,7.72835,HR
7.90541,7.93521,HR
8.18999,7.26034,HR
6.35744,7.5523,HR
7.96639,11.9976,HR
6.14614,12.6324,HR
4.16436,12.0265,HR
5.90483,10.4885,HR
6.8595,17.4279,HR
7.67903,14.6152,HR
4.67978,16.0369,HR
5.9324,19.2397,HR
5.16644,12.5789,HR
8.2274,7.75203,HR
5.7301,13.3064,HR
7.26695,10.2193,HR
7.26212,10.4088,HR
4.76168,14.2911,HR
7.06036,18.3228,HR
8.30791,12.0185,HR
5.64667,10.8561,HR
8.35156,9.64829,HR
4.22487,12.2376,HR
3.37061,12.1781,HR
7.8237,7.8155,HR
7.53659,7.61161,HR
8.53646,8.73107,HR
7.26972,14.3605,HR
8.17107,8.48224,HR
7.65485,9.80327,HR
7.66127,8.91077,HR
6.0581,9.45083,HR
5.8285,17.5405,HR
8.0355,7.3779,HR
6.30554,19.1285,HR
7.07073,20.2132,HR
5.39706,10.1911,HR
5.90539,8.3115,HR
6.4334,18.1919,HR
4.53778,24.1068,HR
7.89368,8.95674,HR
6.16404,17.1874,HR
6.79763,15.0299,HR
4.10872,15.2851,HR
3.82156,20.0848,HR
5.25428,19.8259,HR
7.20551,12.4128,HR
3.33685,10.513,HR
7.97715,8.24858,HR
4.05321,10.6621,HR
4.1311,11.9301,HR
5.15052,22.3602,HR
3.08802,12.9069,HR
7.08676,7.6889,HR
7.72246,7.79715,HR
6.57338,11.6403,HR
4.4743,15.9103,HR
4.53059,11.1384,HR
5.37706,8.39002,HR
8.19684,7.75404,HR
4.5462,13.341,HR
6.86191,7.84894,HR
6.40245,19.602,HR
4.64408,11.4763,HR
5.17614,7.66983,HR
4.29747,20.6804,HR
7.21368,7.36952,HR
4.92498,16.9703,HR
6.89034,8.44374,HR
4.0371,18.4924,HR
8.61353,11.4633,HR
5.21148,22.2831,HR
7.80731,8.14165,HR
7.34007,7.92052,HR
8.24549,7.457,HR
6.38187,17.3265,HR
7.69957,15.6189,HR
4.63847,7.46384,HR
3.79465,10.0019,HR
5.54139,11.6553,HR
3.60907,9.34401,HR
8.34385,7.57094,HR
3.60849,13.118,HR
6.5346,12.648,HR
7.04871,15.2494,HR
6.93652,19.0456,HR
6.67526,9.94598,HR
4.19785,17.3383,HR
6.67401,15.7619,HR
4.39984,9.85636,HR
8.45387,10.8377,HR
6.97707,7.23099,HR
8.26551,7.38408,HR
3.65972,16.7704,HR
4.3561,9.5758,HR
4.7821,18.2878,HR
3.19101,13.9875,HR
4.52654,13.4374,HR
6.63189,8.65357,HR
5.12704,19.4529,HR
5.96512,11.884,HR
7.73299,7.1968,HR
7.01574,11.2936,HR
5.26914,11.8393,HR
4.82014,9.00326,HR
6.08276,15.8392,HR
3.84614,10.8636,HR
6.23538,7.51962,HR
5.65995,17.0137,HR
7.6618,8.48379,HR
7.02259,7.94077,HR
6.45259,10.7517,HR
5.16722,12.5765,HR
4.85732,18.1759,HR
7.40264,10.2955,HR
6.1304,14.6001,HR
4.91132,17.8561,HR
4.13708,12.4961,HR
4.27689,15.3734,HR
7.23806,8.75937,HR
4.2821,11.9627,HR
6.83789,18.7798,HR
